0001                               *SYSTEM.AS                                                                    *
0002                               *******************************************************************************
0003                               *                                                                             *
0004                               *                          SYSTEM CONFIGURATION                               *
0005                               *                                                                             *
0006                               * This information must be entered by the user to define the configuration of *
0007                               * the system. These equates are used to define the extents of the MCX11       *
0008                               * system tables. THIS FILE MUST BE THE FILE NAMED IN THE ASSEMBLY COMMAND     *
0009                               * LINE. It may be named anything the user wishes. Remember that AS11 names    *
0010                               * S-Record object file after the first file name encountered in the assembly  *
0011                               * command.                                                                    *
0012                               *                                                                             *
0013                               *******************************************************************************
0014                               *                                                                             *
0015                               *                             APPLICATION EQUATES                             *
0016                               *    (These VALUES should be changed for your application where indicated)    *
0017                               *                                                                             *
0018                               *    DO NOT CHANGE THE SYMBOL NAMES BECAUSE THEY ARE USED THROUGHOUT MCX11    *
0019                               *                                                                             *
0020                               *******************************************************************************
0021                               
0022                               *******************************************************************************
0023                               *                      BASIC CONFIGURATION DATA EQUATES                       *
0024                               *                 These should change for your application                    *
0025                               *******************************************************************************
0026                               
0027 0005                          NTASKS  equ    5                   Number of tasks in system
0028 0002                          NQUEUES equ    2                   Number of queues in system
0029 0008                          NNAMSEM equ    8                   Number of named semaphores in system
0030 0003                          NTIMERS equ    3                   Number of timers in system
0031                               
0032                               *******************************************************************************
0033                               *                            SYSTEM MEMORY EQUATES                            *
0034                               *                 These should change for your application                    *
0035                               *******************************************************************************
0036                               
0037 00ef                          MCXVAR  equ    $EF                 Base RAM address of MCX variables (17 bytes
0038                               *                                   are needed. For example, $ef - $ff)
0039 e000                          MCX11   equ    $E000               Base ROM address for MCX11
0040 00ee                          MCXTABL equ    MCXVAR-1            Base RAM address of MCX system tables
0041                               
0042                               *******************************************************************************
0043                               *                           CLOCK AND PRESET EQUATES                          *
0044                               *                 These should change for your application                    *
0045                               *******************************************************************************
0046                               
0047 1024                          TMSK2   equ    $1024
0048 1025                          TFLG2   equ    TMSK2+1
0049 1026                          PACTL   equ    TFLG2+1
0050 0040                          RTII    equ    $40                 RTI Interrupt enabled, prescale = 00
0051 0002                          RTR     equ    $02                 16.37 ms per TICK @ 8MHz
0052 0040                          RTIF    equ    $40
0053 0003                          TOCK    equ    3                   3 TICKs per TOCK (TOCK = 49.14 ms ~ 20 Hz)
0054                               
0055                               *******************************************************************************
0056                               *                              MCX11  EQUATES                                 *
0057                               *                      (These should not be changed)                          *
0058                               *******************************************************************************
0059                               
0060 0005                          TCBLEN  equ    5                   Length of a Task Control Block
0061 0008                          TIMRLEN equ    8                   Length of a Timer Block
0062 0003                          QHDRLEN equ    3                   Length of a Queue Header
0063                               
0064                               *******************************************************************************
0065                               *                            SYSTEM TABLE EQUATES                             *
0066                               *                      (These should not be changed)                          *
0067                               *******************************************************************************
0068                               
0069 0018                          NT      equ    NTIMERS*TIMRLEN
0070 00d6                          TIMERS  equ    MCXTABL-NT          Base address of timer blocks
0071 0006                          NQ      equ    NQUEUES*QHDRLEN
0072 00d0                          QHDRTBL equ    TIMERS-NQ           Base address of queue headers
0073 0004                          NQS     equ    NQUEUES*2 
0074 00bf                          FLGTBL  equ    QHDRTBL-NNAMSEM-NTASKS-NQS  Base address of semaphores
0075 0019                          NTS     equ    NTASKS*TCBLEN
0076 00a1                          STATLS  equ    FLGTBL-NTS-TCBLEN   Base address of Task Control Blocks (TCB)
0077 00a0                          QBODBAS equ    STATLS-1            Last address of Queue Bodies
0078                               
0079                               *******************************************************************************
0080                               *                   TCB INITIALIZATION DATA BLOCK EQUATES                     *
0081                               *                      (These should not be changed)                          *
0082                               *******************************************************************************
0083                               
0084 0000                          INITST  equ    0                   Task STATE at system initialization
0085 0001                          STRTADR equ    1                   Task starting address
0086 0003                          RSTSP   equ    3                   Base address of task's stack
0087 0005                          TCBADDR equ    5                   Address of task's TCB
0088 0007                          TCBDATL equ    7                   Length of a TCB initialization data block
0089                               
0090                               *******************************************************************************
0091                               *                  QUEUE INITIALIZATION DATA BLOCK EQUATES                    *
0092                               *                      (These should not be changed)                          *
0093                               *******************************************************************************
0094                               
0095 0000                          WIDTH   equ    0                   Width of the queue entry
0096 0001                          DEPTH   equ    1                   Depth of queue (# of entries)
0097 0002                          QHADR   equ    2                   Queue Header address
0098 0004                          QADDR   equ    4                   Address of the Queue Body
0099 0006                          QUEDATL equ    6                   Length of a Queue initialization data block
0100                               
0101                               *******************************************************************************
0102                               *    MCX ESR equates                                                          *
0103                               *******************************************************************************
0104                               
0105 0001                          .wait.   equ   1                   Wait for an event to occur
0106 0002                          .signal. equ   2                   Signal the occurence of an event
0107 0003                          .pend.   equ   3                   Set a semaphore to PENDing state
0108 0004                          .send.   equ   4                   Send a message to a task
0109 0005                          .sendw.  equ   5                   Send a message and wait for response
0110 0006                          .receive. equ   6                  Receive a message 
0111 0007                          .deque.  equ   7                   Dequeue an entery from a FIFO queue
0112 0008                          .enque.  equ   8                   Enqueue an entry into a FIFO queue
0113 0009                          .resume. equ   9                   Resume a suspended task
0114 000a                          .suspend. equ   10                 Suspend a task
0115 000b                          .terminate. equ   11               Terminate a task
0116 000c                          .execute. equ   12                 Execute a task
0117 000d                          .delay.  equ   13                  Delay a task for a period of time
0118 000e                          .timer.  equ   14                  Set up a timer
0119 000f                          .purge.  equ   15                  Purge active timer(s)
0120                               
0121                               *******************************************************************************
0122                               *                                                                             *
0123                               *                 TASK AND QUEUE INITIALIZATION DATA BLOCKS                   *
0124                               *                 These should change for your application                    *
0125                               *                                                                             *
0126                               * The next section contains the initialization data blocks for the TCB's and  *
0127                               * the queues. The user should construct these tables as they define such data *
0128                               * as queue sizes, task starting addresses, and stack sizes.                   *
0129                               *                                                                             *
0130                               *******************************************************************************
0131                               *******************************************************************************
0132                               *                      QUEUE INITIALIZATION DATA BLOCKS                       *
0133                               *                            These must be in ROM                             *
0134                               *              (Do Queue definitions before Task definitions)                 *
0135                               *******************************************************************************
0136                               
0137 e000                                  ORG MCX11
0138                               
0139 e000                          QUEDATA equ    *                   Queue data (This must come first)
0140                               
0141                               *******************************************************************************
0142                               *                 THESE ARE LOCAL SYMBOLS AND CAN BE CHANGED                  *
0143                               *******************************************************************************
0144                               
0145                               
0146 0001                          Q1W     equ    1                   Queue 1 width
0147 0008                          Q1D     equ    8                   Queue 1 depth
0148 0008                          Q1SIZ   equ    Q1W*Q1D             Queue 1 size
0149 0099                          Q1BODY  equ    QBODBAS-Q1SIZ+1     Address of Queue 1 body
0150 00d0                          Q1HDR   equ    QHDRTBL             Address of Queue 1 Header
0151 e000 01 08                            FCB    Q1W,Q1D             WIDTH,DEPTH
0152 e002 00 d0 00 99                      FDB    Q1HDR,Q1BODY        QHADR,QADDR
0153                               
0154 0005                          Q2W     equ    5                   Queue 2 width
0155 0001                          Q2D     equ    1                   Queue 2 depth
0156 0005                          Q2SIZ   equ    Q2W*Q2D             Queue 2 size
0157 0094                          Q2BODY  equ    Q1BODY-Q2SIZ        Address of Queue 2 body
0158 00d3                          Q2HDR   equ    Q1HDR+QHDRLEN       Address of Queue 1 Header
0159 e006 05 01                            FCB    Q2W,Q2D             WIDTH,DEPTH
0160 e008 00 d3 00 94                      FDB    Q2HDR,Q2BODY        QHADR,QADDR
0161                               
0162                               *******************************************************************************
0163 0093                          STKBASE equ    Q2BODY-1            Base address of all stacks. This is defined
0164                               *                                    as the address of the last queue body - 1.
0165                               *******************************************************************************
0166                               
0167                               *******************************************************************************
0168                               *                       TASK INITIALIZATION DATA BLOCKS                       *
0169                               *                                                                             *
0170                               *                (Do Task Definitions after Queue definitions)                *
0171                               *******************************************************************************
0172                               
0173 e00c                          TCBDATA equ    *                   Task data
0174                               
0175                               *******************************************************************************
0176                               *                 THESE ARE LOCAL SYMBOLS AND CAN BE CHANGED                  *
0177                               *******************************************************************************
0178                               * You must define certain information about the tasks in your application.    *
0179                               * The information MUST be supplied in the following sequence:                 *
0180                               *                                                                             *
0181                               *      1. Initial status of the task at Power-up                              *
0182                               *      2. The starting address of the task                                    *
0183                               *      3. The base address of the stack for the task                          *
0184                               *      4. The TCB address of the task (This is redundant but it saves time)   *
0185                               *                                                                             *
0186                               * The TCB address, the base address of the stack, and the stack size can be   *
0187                               * defined through equates and used in the definitions. REMEMBER, If you are   *
0188                               * using an HC11 EVB, you must make the stack size for each task AT LEAST 18   *
0189                               * bytes to accomodate the breakpoint mechanism.                               *
0190                               *                                                                             *
0191                               *                           --- N O T E ---                                   *
0192                               *                                                                             *
0193                               * In normal usage, MCX will have the clock driver as task number 1. That      *
0194                               * it the highest priority task in the system and assures the best timing. You *
0195                               * may change it to another if you wish, but it may not provide accurate time  *
0196                               * measurement if it can be preempted by another task. It is strongly urged    *
0197                               * that you always make task 1 the clock driver if your application is to use  *
0198                               * a time base.                                                                *
0199                               *******************************************************************************
0200                               
0201 00a1                          TASK1   equ    STATLS              Task1 TCB address (Task 1 = CLOCK DRIVER)
0202 0093                          STAK1   equ    STKBASE             Base address of task 1 stack
0203 0012                          STK1SIZ equ    18                  Size of stack for task 1
0204 e00c 00                               FCB    0                   INITST is RUN
0205 e00d e4 89 00 93 00 a1                FDB    clkdrv,STAK1,TASK1  STRTADR,RSTSP,TCBADDR
0206                               
0207 00a6                          TASK2   equ    TASK1+TCBLEN        Task 2 TCB address
0208 0081                          STAK2   equ    STAK1-STK1SIZ       Base address of task 2 stack
0209 0017                          STK2SIZ equ    23                  Size of stack for task 2
0210 e013 00                               FCB    0                   INITST is RUN
0211 e014 00 02 00 81 00 a6                FDB    $0002,STAK2,TASK2   STRTADR,RSTSP,TCBADDR
0212                               
0213 00ab                          TASK3   equ    TASK2+TCBLEN        Task 3 TCB address
0214 006a                          STAK3   equ    STAK2-STK2SIZ       Base address of task 3 stack
0215 0015                          STK3SIZ equ    21                  Stack size for task 3
0216 e01a 01                               FCB    _IDLE               INITST
0217 e01b 00 03 00 6a 00 ab                FDB    $0003,STAK3,TASK3   STRTADR,RSTSP,TCBADDR
0218                               
0219 00b0                          TASK4   equ    TASK3+TCBLEN        Task 4 TCB address
0220 0055                          STAK4   equ    STAK3-STK3SIZ       Base address of task 4 stack
0221 0012                          STK4SIZ equ    18                  Stack size for task 4
0222 e021 01                               FCB    _IDLE               INITST
0223 e022 00 04 00 55 00 b0                FDB    $0004,STAK4,TASK4   STRTADR,RSTSP,TCBADDR
0224                               
0225 00b5                          TASK5   equ    TASK4+TCBLEN        Task 5 TCB address
0226 0043                          STAK5   equ    STAK4-STK4SIZ       Base address of task 5 stack
0227 0012                          STK5SIZ equ    18                  Stack size for task 5
0228 e028 01                               FCB    _IDLE               INITST
0229 e029 00 05 00 43 00 b5                FDB    $0005,STAK5,TASK5   STRTADR,RSTSP,TCBADDR
0230                               
0231                               *******************************************************************************
0232                               * Now that the tasks are all defined, all that is left is the definition of   *
0233                               * the base address of the system stack. It should be located 18 bytes below   *
0234                               * the top of the stack area for the last task defined above. The 18 bytes are *
0235                               * there for the stack for the null task.                                      *
0236                               *******************************************************************************
0237                               
0238 001f                          SYSTACK equ    STAK5-STK5SIZ-18    Base address of system stack.
0239                               
0240                               *******************************************************************************
0241                               *******************************************************************************
0242                               *******************************************************************************
0243                               
0244 e02f 20 fe              [ 3 ] nulltsk bra    *                   This is the null task. It is always runnable
0245                               *                                    and always interruptable. It does nothing
0246                               *                                    except provide an active task for the
0247                               *                                    Dispatcher when all other tasks are busy.
0248                               *                                  You may change this any way you wish as long
0249                               *                                    it is never put into a non-ready state.
0250                               
0251                               *******************************************************************************
0252                               *******************************************************************************
0253                               *******************************************************************************
0254                               *                                                                             *
0255                               *                            MCX11 INITIALIZATION                             *
0256                               *                                                                             *
0257                               * This is the MCX11 Initialization routine in which all of the 68HC11 RAM and *
0258                               * internal registers get initialized. This routine is entered upon a Power On *
0259                               * RESET; therefore the first 64 cycles must be spent initializing those areas *
0260                               * of the 68HC11 control register space which must be set up during that brief *
0261                               * period. Then all of the system tables must be set to their initial content. *
0262                               * The user should also include any initialization operatons unique to his own *
0263                               * application. Upon completion, the routine should jump to the start of the   *
0264                               * MCX11 Dispatcher at lable "dispch".                                         *
0265                               *                                                                             *
0266                               *******************************************************************************
0267                               
0268                               *******************************************************************************
0269                               *     Put the special startup code here which must be done within the first   *
0270                               *     64 cycles after Power-on/Reset & set up the internal registers with     *
0271                               *     respect to the application requirements.                                *
0272                               *******************************************************************************
0273                               
0274 e031                          mcxinit equ    *                   This is MCX11 entry point
0275 e031 8e 00 1f           [ 3 ]         lds    #SYSTACK
0276 e034 86 40              [ 2 ]         ldaa   #RTII
0277 e036 b7 10 24           [ 4 ]         staa   TMSK2               Enable RTI Interrupt
0278 e039 86 02              [ 2 ]         ldaa   #RTR
0279 e03b b7 10 26           [ 4 ]         staa   PACTL               Set up RTI clock rate
0280                               
0281                               *******************************************************************************
0282                               *                                                                             *
0283                               * The following instruction is included for use with an EVM board. If you are *
0284                               * going to want to initialize the EVM in such a manner that the MPU will use  *
0285                               * the first 64 cycles to initialize the control registers, leave this one     *
0286                               * instruction in place and perform the following startup procedure:           *
0287                               *                                                                             *
0288                               *            1. Press the USER RESET button on EVM board.
0289                               *            2. Press ABORT SWITCH on EVM board.
0290                               *            3. Ignore any ERROR MESSAGE from the EVM and press ENTER on your *
0291                               *               debug console's keyboard. This should show the Register set.  *
0292                               *            4. Change the content of Stack Pointer Register to legal value   *
0293                               *            5. Start the program with a G command at the address of 'mcxgo'. *
0294                               *                                                                             *
0295                               * If this is not used on an EVM board, and a normal RESET sequence is desired *
0296                               * simply remove the following instruction.
0297                               *                                                                             *
0298                               *******************************************************************************
0299                               
0300 e03e 20 fe              [ 3 ]         bra     *                  Just wait for the ABORT.
0301                               
0302                               *******************************************************************************
0303                               * The second job in the initialization process is to link all of the system   *
0304                               * timer blocks. The address of the first timer block is stored in the word    *
0305                               * in RAM labled "FREE". The word labled "ACTIVE" is set to a 0.               *
0306                               *******************************************************************************
0307                               
0308 e040 86 03              [ 2 ] mcxgo   ldaa   #TOCK
0309 e042 b7 00 ef           [ 4 ]         staa   tickcnt             Set up Tick counter
0310 e045 18 ce 00 03        [ 4 ]         ldy    #NTIMERS            Set up counter for the number of timers
0311 e049 cc 00 d6           [ 3 ]         ldd    #TIMERS             Get address of Timer Blocks
0312 e04c fd 00 f0           [ 5 ]         std    FREE                Store it in the pointer to 1st free block
0313 e04f ce 00 d6           [ 3 ]         ldx    #TIMERS             Set up pointer to 1st Timer Block
0314 e052 18 09              [ 4 ] tmlp    dey                        Decrement timer counter and see if done.
0315 e054 27 09              [ 3 ]         beq    tmdone
0316 e056 c3 00 08           [ 4 ]         addd   #TIMRLEN            If not done, calculate address of next block
0317 e059 ed 00              [ 5 ]         std    0,x                 Store it in link word of current block.
0318 e05b ee 00              [ 5 ]         ldx    0,x                 Then set up pointer to the next block.
0319 e05d 20 f3              [ 3 ]         bra    tmlp
0320 e05f 5f                 [ 2 ] tmdone  clrb
0321 e060 4f                 [ 2 ]         clra                      When done linking the timer blocks, set
0322 e061 ed 00              [ 5 ]         std    0,x                   the link word of the last timer to 0.
0323 e063 fd 00 f2           [ 5 ]         std    ACTIVE              Set up 0 entry for no active timers.
0324                               
0325                               *******************************************************************************
0326                               * The third thing to do during initialization is to set up the queues. The    *
0327                               * queues have a Header and a Body and they are not contiguous. The Queue      *
0328                               * Headers are found immediately below the Timer Blocks in RAM. The Bodies are *
0329                               * found immediately above the Task Control Blocks.                            *
0330                               *******************************************************************************
0331                               
0332 e066 ce 00 d0           [ 3 ]         ldx    #QHDRTBL            Set up pointer to the 1st queue header
0333 e069 6f 00              [ 6 ] qlp     clr    0,x                 Clear next byte in the queue header area.
0334 e06b 08                 [ 3 ]         inx
0335 e06c 8c 00 d6           [ 4 ]         cpx    #TIMERS             See if all queue headers are cleared.
0336 e06f 26 f8              [ 3 ]         bne    qlp                 keep looping until done
0337                               
0338                               *******************************************************************************
0339                               * The fourth function during initialization is to set all of the semaphores   *
0340                               * to a PENDing state. The number of semaphores is equal to the number of the  *
0341                               * named semaphores + the number of tasks + twice the number of queues.        *
0342                               *******************************************************************************
0343                               
0344 e071 86 02              [ 2 ]         ldaa   #NQUEUES            Get the number of queues in system.
0345 e073 48                 [ 2 ]         asla                       Multiply it by 2.
0346 e074 8b 08              [ 2 ]         adda   #NNAMSEM            Add the number of named semaphores
0347 e076 8b 05              [ 2 ]         adda   #NTASKS             Then add the number of tasks.
0348 e078 ce 00 bf           [ 3 ]         ldx    #FLGTBL             Set up pointer to base of the semaphores.
0349 e07b c6 01              [ 2 ]         ldab   #_PEND
0350 e07d e7 00              [ 4 ] smlp    stab   0,x                 Store the PENDing value in the semaphore.
0351 e07f 08                 [ 3 ]         inx
0352 e080 4a                 [ 2 ]         deca                       Decrement the counter
0353 e081 26 fa              [ 3 ]         bne    smlp                Keep looping until all are set to PENDing.
0354                               
0355                               
0356                               *******************************************************************************
0357                               * The fifth thing to do in the initialization is to set up the RAM resident   *
0358                               * portions of the Task Control Blocks (TCB). The TCBs are found immediately   *
0359                               * above the semaphores.                                                       *
0360                               *******************************************************************************
0361                               
0362 e083 18 ce e0 0c        [ 4 ]         ldy    #TCBDATA            Set up pointer to User Defined list of
0363                               *                                    TCB initialization data block.
0364 e087 86 05              [ 2 ]         ldaa   #NTASKS             Set up task counter too.
0365 e089 b7 00 ff           [ 4 ]         staa   notmt
0366 e08c cd ee 05           [ 6 ] tcblp   ldx    TCBADDR,y           Set up a pointer to the TCB.
0367 e08f 6f 03              [ 6 ]         clr    MSGTHRD,x           Clear the message thread.
0368 e091 6f 04              [ 6 ]         clr    MSGTHRD+1,x
0369 e093 18 e6 00           [ 5 ]         ldab   INITST,y            Get the initial status of the task.
0370 e096 e7 00              [ 4 ]         stab   STATE,x             Store it as the status byte of the TCB.
0371 e098 26 14              [ 3 ]         bne    nostart             Branch if task state show it is not ready.
0372 e09a 18 ec 03           [ 6 ]         ldd    RSTSP,y
0373 e09d 83 00 09           [ 4 ]         subd   #9
0374 e0a0 ed 01              [ 5 ]         std    ACTSP,x             Set up pointer to the stack context.
0375 e0a2 8f                 [ 3 ]         xgdx                       Put stacked context address into IX.
0376 e0a3 18 ec 01           [ 6 ]         ldd    STRTADR,y
0377 e0a6 ed 08              [ 5 ]         std    PC+1,x              Put task's starting address into PC word
0378 e0a8 4f                 [ 2 ]         clra                        of the context. Then clear ACCB, ACCA,
0379 e0a9 5f                 [ 2 ]         clrb                        and CCR.
0380 e0aa a7 01              [ 4 ]         staa   CCR+1,x
0381 e0ac ed 02              [ 5 ]         std    ACCB+1,x
0382 e0ae c6 07              [ 2 ] nostart ldab   #TCBDATL
0383 e0b0 18 3a              [ 4 ]         aby                        Bump pointer to next TCB initialization
0384 e0b2 7a 00 ff           [ 6 ]         dec    notmt                data block.
0385 e0b5 26 d5              [ 3 ]         bne    tcblp               Loop until done.
0386                               
0387                               * Now set up the null task
0388                               
0389 e0b7 ce 00 28           [ 3 ]         ldx    #SYSTACK+9
0390 e0ba cc e0 2f           [ 3 ]         ldd    #nulltsk            Get the starting address of the null task.
0391 e0bd ed 08              [ 5 ]         std    PC+1,x              Put task's starting address into PC word
0392 e0bf 6f 01              [ 6 ]         clr    CCR+1,x               of the context. Then clear ACCB, ACCA,
0393 e0c1 6f 02              [ 6 ]         clr    ACCB+1,x              and CCR.
0394 e0c3 6f 03              [ 6 ]         clr    ACCA+1,x
0395 e0c5 cc 00 ba           [ 3 ]         ldd    #NTASKS*TCBLEN+STATLS Get TCB address of the null task
0396 e0c8 8f                 [ 3 ]         xgdx
0397 e0c9 ed 01              [ 5 ]         std    ACTSP,x             Save address of null task's context
0398 e0cb 6f 00              [ 6 ]         clr    STATE,x             Make sure null task is READY.
0399 e0cd 7f 00 fa           [ 6 ]         clr    intlvl              Clear interrupt level.  ** (V1.1 #5) **
0400                                 
0401                               *       jmp    dispch              Start the MCX Dispatcher
0402                               
0403                               *******************************************************************************
0404                               *  The next location should contain the entry point to the Dispatcher.        *
0405                               *  The file "MCX.AS" should follow this file. If not, then you should remove  *
0406                               *  the asterisk on the line above which causes a direct jump to the label of  *
0407                               *  the Dispatcher, "dispch".                                                  *
0408                               *******************************************************************************
0409                               PAGE
0410                               *MCX.AS
0411                               *******************************************************************************
0412                               *                                                                             *
0413                               *                            MCX11 REAL-TIME KERNEL                           *
0414                               *                               FOR THE MC68HC11                              *
0415                               *                                                                             *
0416                               *              by                               for support contact           *
0417                               *         Tom Barrett                               Mike Wood   M/D OE319     *
0418                               *  A.T. Barrett & Associates                       Motorola,Inc               *
0419                               *       Houston, Texas                       6501 William Cannon Dr West      *
0420                               *                                               Austin, Texas 78735           *
0421                               *       (713)728-9688                              (512)891-2717              *
0422                               *                                                                             *
0423                               *******************************************************************************
0424                               *                                N O T I C E                                  *
0425                               *******************************************************************************
0426                               *                                                                             *
0427                               * This product is distributed  without charge  to  users  via  the  MOTOROLA  *
0428                               * FREEWARE Bulletin Board. The product is provided "as is" without warranty   *
0429                               * of any kind, either expressed or implied, including, but not limited to any *
0430                               * warranties of merchantability and fitness for a particular purpose.  All    *
0431                               * risks of using this product including the entire costs of any necesary rem- *
0432                               * edies are those of the user and MOTOROLA assumes no liability of any kind.  *
0433                               *                                                                             *
0434                               *******************************************************************************
0435                               *******************************************************************************
0436                               *                       R E V I S I O N   H I S T O R Y                       
0437                               *                                Release 1
0438                               *
0439                               * Rev #    Date        Modifications/Corrections for new Revision
0440                               * -----  ---------     ------------------------------------------------------
0441                               *  1.1    5/30/89   1. Change calling sequence of .deque. so that the return
0442                               *                      value is in ACCA if entry size is 1 byte.
0443                               *
0444                               *                   2. Changed calling sequence of .enque. so that if the size
0445                               *                      of the entry is 1 byte, it is passed to .enque. in bits
0446                               *                      8-15 of IX. If the size of the entry is 2 bytes, IX8-15
0447                               *                      contains byte 1 while IX0-7 contains byte 2.
0448                               *
0449                               *         11/1/89   3. Corrected incorrect jump destination label in .timer.
0450                               *                       from .pend to dopend
0451                               *
0452                               *                   4. Corrected incorrect branch in .send. causing messages to
0453                               *                      be put into a receiver's mailbox in improper order.
0454                               *
0455                               *                   5. Cleared intlvl during initialization.
0456                               *
0457                               *  1.2    1/12/90   1. Changed the exit logic in .recv. when there is no msg
0458                               *                      waiting in the mailbox. This corrects a problem which
0459                               *                      would leave the task semaphore of the receiver task in
0460                               *                      a WAIT state. Since the .send. ESR does not signal a
0461                               *                      semaphore but simply unblocks the receiving task, it is
0462                               *                      not necessary to manipulate the task's semaphore. The
0463                               *                      original code is deleted and replaced with a simple
0464                               *                      set which backs up the PC and exits.
0465                               *
0466                               *                   2. Moved the code for the backup PC routine and made it an
0467                               *                      internal part of the .deque. function
0468                               *
0469                               *  1.3    3/23/90   1. Disabled interrupts for the endfast routine in isrrtn
0470                               *                      which protects this critical path from being interrupted
0471                               *                      after intlvl is decremented.  If this were to happen
0472                               *                      multiple ISRs could try to restore a task's state.
0473                               *
0474                               *                   2. Removed a hanging push in .signal. that was not poped 
0475                               *                      before returning if the semaphore was not in the wait
0476                               *                      state.  This would only be a problem if an ISR were 
0477                               *                      returning to the Dispatcher or another ISR.
0478                               *
0479                               *                   3. Moved the sei and cli in .signal. to tighten up the 
0480                               *                      critical code and improve interrupt response time.
0481                               *
0482                               *                   4. Moved the sei in .wait. to protect the Critical Code
0483                               *                      there, and deleted the cli since immrtn is CC also.
0484                               *                      This corrects several problems with tasks that wait on 
0485                               *                      semaphores from interrupts.
0486                               *                      NOTE:  to shorten interrupt latency here you might
0487                               *                      move the cli to after setting the wait and then jump
0488                               *                      to endtsk, the tradeoff is another stacked interrupt.
0489                               *
0490                               *                   5. Changed send and receive to use the _RCVWAT status bit
0491                               *                      as was origenally intended instead of _WAIT.  This 
0492                               *                      Corrects the problem where sending a message to a task
0493                               *                      that is waiting on any semaphore causes it to wake up
0494                               *                      as if that semaphore had been signaled.
0495                               *
0496                               *                   6. Added an sei to .deque. to protect some critical code
0497                               *                      in .wait. (see 3 above)
0498                               *
0499                               *                   7. In .enque. moved the loading of IY with queue data to
0500                               *                      later in the routine closer to where it is actualy used.
0501                               *                      This fixes the problem where the backup routine would
0502                               *                      subtract 2 from a word other than the tasks PC which
0503                               *                      was stored on its stack.
0504                               *
0505                               *                   8. Minor things realy, shaved off a clock cycle in dispch's
0506                               *                      tight loop, and used the _PEND symbol in .pend.
0507                               *
0508                               *  1.4    12/7/90   1. Changed cmpb to cmpa in task 5 of TEST.AS. Dequeue was
0509                               *                      changed to return the value in the A accumulator in V1.1.
0510                               *
0511                               *                   2. Fixed a problem with nested interrupt. If you had a
0512                               *                      nested interrupt that did not require a context switch
0513                               *                      followed by an interrupt that did require a context
0514                               *                      switch the stack became corrupted and the system would
0515                               *                      crash. Eliminated endfast routine.
0516                               *
0517                               *                   3. Fixed a problem with purging the timers. Once a timer
0518                               *                      was purged the next timer in the link was not lengthed
0519                               *                      the amount of time of the purged timer.
0520                               *
0521                               *                   4. Fixed a problem with cyclic timers in CLKDRIVER.AS.
0522                               *
0523                               * 1.5      1/24/91  1. Fixed a problem that I introduced in 1.4 in purge of
0524                               *                      timer. Messed with y index register and didn't restore.
0525                               *******************************************************************************
0526                               *******************************************************************************
0527                               
0528                               *       OPT    nol           Remove asterisk if you don't want the listing
0529                               
0530                               *******************************************************************************
0531                               *                                                                             *
0532                               *                             MCX-11 VARIABLES                                *
0533                               *                        (These Will Reside in RAM)                           *
0534                               *                                                                             *
0535                               *******************************************************************************
0536                               
0537                               ************************ Filled in by Initialization **************************
0538 00ef                          tickcnt equ    MCXVAR              Tick counter
0539 00f0                          FREE    equ    tickcnt+1           Address of first free timer block
0540 00f2                          ACTIVE  equ    FREE+2              Address of first active timer in list
0541                               *******************************************************************************
0542                               
0543 00f4                          curtsk  equ    ACTIVE+2            Current task (i.e. the active task)
0544 00f5                          curtcb  equ    curtsk+1            Address of current task's TCB
0545 00f7                          hipri   equ    curtcb+2            Highest priority task ready to run
0546 00f8                          pritcb  equ    hipri+1             Address of TCB of highest priority task
0547                               *                                    ready to run (see hipri)
0548 00fa                          intlvl  equ    pritcb+2            Depth of nested interrupts:
0549                               *                                       = 0 when in a task
0550                               *                                       = >0 when interrupts are nested or 
0551                               *                                         in the kernel
0552 00fb                          temp    equ    intlvl+1            Temporary area
0553 00fd                          width   equ    temp+2              Work area for queue width
0554 00fe                          depth   equ    width+1             Work area for queue depth
0555 00ff                          notmt   equ    depth+1             Work area for queue not empty semaphore
0556                               
0557                               *******************************************************************************
0558                               *                              TASK STATE EQUATES                             *
0559                               *******************************************************************************
0560                               
0561 0080                          _SUSPND equ    $80                 SUSPENDed status
0562 0040                          _WAIT   equ    $40                 WAITing status
0563 0020                          _RCVWAT equ    $20                 Waiting status for message RECEIVE
0564 0001                          _IDLE   equ    $01                 Task IDLE status
0565                               
0566                               *******************************************************************************
0567                               *                             MESSAGE EQUATES                                 *
0568                               *******************************************************************************
0569                               
0570 0000                          MLINK   equ    0                   Message link pointer
0571 0002                          MTASK   equ    2                   Message's sending task
0572 0003                          MSEMA   equ    3                   Message semaphore
0573 0004                          MBODY   equ    4                   Start of message body
0574                               
0575                               *******************************************************************************
0576                               *                          TIMER BLOCK EQUATES                                *
0577                               *******************************************************************************
0578                               
0579 0000                          CLINK   equ    0                   Timer block link pointer
0580 0002                          CTOCKS  equ    2                   Clock tocks in timer
0581 0004                          CRESET  equ    4                   Reset timer
0582 0006                          CTASK   equ    6                   Task waiting on timer
0583 0007                          CSEMA   equ    7                   Semaphore number
0584                               
0585                               *******************************************************************************
0586                               *                          QUEUE HEADER EQUATES                               *
0587                               *******************************************************************************
0588                               
0589 0000                          CURSIZ  equ    0                   Current size of queue (# of entries)
0590 0001                          PIX     equ    1                   Put Index
0591 0002                          QSEMA   equ    2                   Active semaphore: NOTMT or NOTFUL (=NOTMT+1)
0592                               
0593                               *******************************************************************************
0594                               *                                TCB LAYOUT                                   *
0595                               *******************************************************************************
0596                               *
0597 0000                          STATE   equ    0                   Byte 0   Task status:
0598                               *                                     bit 7: Suspended
0599                               *                                     bit 6: Waiting for an event
0600                               *                                     bit 5: Receive wait
0601                               *                                     bit 4: - Reserved -
0602                               *                                     bit 3: - Reserved -
0603                               *                                     bit 2: - Reserved -
0604                               *                                     bit 1: - Reserved -
0605                               *                                     bit 0: Task not in use
0606 0001                          ACTSP   equ    1                   Byte 1-2 Active Stack Pointer for task
0607 0003                          MSGTHRD equ    3                   Byte 3-4 Message thread pointer
0608                               
0609                               *******************************************************************************
0610                               *                            STACK CONTEXT EQUATES                            *
0611                               *         (These values represent offsets from the Top-of-Stack +1)           *
0612                               *******************************************************************************
0613                               
0614 0000                          CCR     equ    0                   Condition Code Register
0615 0001                          ACCB    equ    1                   Accumulator B
0616 0002                          ACCA    equ    2                   Accumulator A
0617 0003                          IX      equ    3                   Index Register X
0618 0003                          IXH     equ    3                   Index Register X (High Byte)
0619 0004                          IXL     equ    4                   Index Register X (Low Byte)
0620 0005                          IY      equ    5                   Index Register Y
0621 0007                          PC      equ    7                   Program Counter
0622                               
0623                               *******************************************************************************
0624                               *                         MISCELLANEOUS EQUATES                               *
0625                               *******************************************************************************
0626                               
0627 0001                          _PEND   equ    1                   PENDing state
0628                               
mcx.as                                       page   2
0630                               *******************************************************************************
0631                               *                                                                             *
0632                               *                       	MCX11 TASK DISPATCHER                             *
0633                               *                                                                             *
0634                               *******************************************************************************
0635                               *                                                                             *
0636                               * This is the code that looks for the highest priority task that is in a RUN  *
0637                               * state. The tsk's state is contained in the Task Control Block (TCB). The    *
0638                               * job of the Dispatcher is to find the task having the highest priority and   *
0639                               * is ready to take control, i.e., run. This is a tight loop because every     *
0640                               * time a task gives up control, except for a pre-emption, the Dispatcher is   *
0641                               * called to find the next task to run.                                        *
0642                               *                                                                             *
0643                               *******************************************************************************
0644                               
0645 e0d0 4f                 [ 2 ] dispch  clra                        Use acc A for the task number
0646 e0d1 ce 00 9c           [ 3 ]         ldx    #STATLS-TCBLEN       Set up base address of TCB list
0647 e0d4 7f 00 f4           [ 6 ] next    clr    curtsk               Set current task # to 0
0648 e0d7 8e 00 1f           [ 3 ]         lds    #SYSTACK             Load the system stack pointer address
0649 e0da c6 7f              [ 2 ]         ldab   #$7F                 Load constant 127 for presetting
0650 e0dc d7 f7              [ 3 ]         stab   hipri                  the task # of the highest priority task
0651                               *                                     - 1 is the highest priority
0652                               *                                     - 127 is the lowest priority
0653 e0de c6 05              [ 2 ]         ldab   #TCBLEN              Load a constant for TCB length attribute
0654 e0e0 0e                 [ 2 ]         cli                         Enable interrupts
0655 e0e1 4c                 [ 2 ] testat  inca                        Bump the task number by 1
0656 e0e2 3a                 [ 3 ]         abx                         Get address of next TCB
0657                               *** (V1.3 #8) ***
0658 e0e3 6d 00              [ 6 ]         tst    STATE,x              See if all bits in task's status are 0
0659 e0e5 26 fa              [ 3 ]         bne    testat               If not, go check the next task.
0660 e0e7 0f                 [ 2 ] switch  sei                         Task is ready to run. disable interrupts
0661 e0e8 97 f7              [ 3 ]         staa   hipri                Save task number as highest priority
0662 e0ea df f8              [ 4 ]         stx    pritcb               Save TCB address as that of hipri task
0663 e0ec 97 f4              [ 3 ] setcur  staa   curtsk                 also save acc A as current task number
0664 e0ee df f5              [ 4 ]         stx    curtcb               Save X-reg as address of curtsk's TCB
0665 e0f0 ae 01              [ 5 ] rtncur  lds    ACTSP,x              Load task's stack pointer from TCB
0666 e0f2 3b                 [12 ] intrtn  rti                         Go to task via an interrupt return. The
0667                               *                                     task's context is on the task's stack.
0668                               *                                     This treats the context switch as if it
0669                               *                                     is an interrupt (it is likely to be).
0670                               
0671                               *******************************************************************************
0672                               *                                                                             *
0673                               *                  	MCX11 COMMON INTERRUPT SERVICE RETURN                     *
0674                               *                                                                             *
0675                               *******************************************************************************
0676                               *                                                                             *
0677                               * This is the code that ALL interrupt service routines (ISR) MUST return thru *
0678                               * to complete the action of the interrupt. The ISR must have saved the MPU    *
0679                               * context, incremented the nested interrupt level (intlvl), and enabled other *
0680                               * interrupts before actually servicing the interrupt. Upon completion,  the   *
0681                               * ISR, should branch to this common interrupt return routine. The B accumu-   *
0682                               * lator  should  contain a semaphore  number or a zero.  The  former  value   *
0683                               * indicates that an event has occurred that requires action at the task level *
0684                               * and the latter indicates thee is no further action required.                *
0685                               *                                                                             *
0686                               * When ACCB contains a semaphore number, the semaphore is SIGNALed to inform  *
0687                               * any task associated with the event that it has occurred. A context switch   *
0688                               * will occur if the task in a WAIT state for that event is then ready to run  *
0689                               * and is of higher priority than the interrupted,i.e. current, task, and the  *
0690                               * level of nested interrupts is 1. A context switch will not occur if ALL of  *
0691                               * these conditions are not true. If the B accumulator contains a zero upon    *
0692                               * return from the ISR, there is an immediate return to the interrupted task   *
0693                               * if the level of nested interrupts is 1 or a return to the executive or to   *
0694                               * an interrupted ISR if the level of nested interrupts is >1.                 *
0695                               *                                                                             *
0696                               *******************************************************************************
0697                               *
0698 e0f3 5d                 [ 2 ] isrrtn  tstb                        Test ACCB for content
0699 e0f4 26 03              [ 3 ]         bne    signal2              If ACCB != 0, go signal the event. 
0700                               *                                     If ACCB = 0, return to point of interrupt
0701                               *
0702                               *** (V1.4 #2) ***
0703 e0f6 20 2f              [ 3 ]         bra    endtsk               Eliminated endfast routine.              |
0704                               
0705 e0f8 16                 [ 2 ] .signal tab                         *** PUT IN COMMENT BLOCK ***
0706                               signal2
0707 e0f9 ce 00 be           [ 3 ]         ldx    #FLGTBL-1            Got a semaphore number. Load address-1 of
0708 e0fc 3a                 [ 3 ]         abx                           semaphore table and add semaphore # to it
0709 e0fd 5f                 [ 2 ]         clrb                        Clear ACCB so that we will have a zero
0710 e0fe 0f                 [ 2 ]         sei                         Turn off interrupts  *** (V1.3 #2) ***
0711 e0ff a6 00              [ 4 ]         ldaa   0,x                  Get the content of the semaphore
0712 e101 2a 01              [ 3 ]         bpl    nowait               Branch if semaphore not in WAIT state
0713 e103 5c                 [ 2 ]         incb                        If WAITing, set it to PENDing
0714 e104 e7 00              [ 4 ] nowait  stab   0,x                  If PENDing or DONE, set to DONE
0715 e106 16                 [ 2 ]         tab                         Look at original content of semaphore
0716                               *** (V1.4 #2) ***
0717 e107 2a 1f              [ 3 ]         bpl    immrtn               Return immediately if semaphore not WAITing|
0718 e109 0e                 [ 2 ]         cli                         End of critical code  *** (V1.3 #2) ***
0719 e10a 50                 [ 2 ]         negb                        If WAITing, 2's complement = task # WAITing
0720                               *                                     for the event.
0721                               *** (V1.3 #3) ***
0722 e10b 86 bf              [ 2 ] 	ldaa   #-_WAIT-1            Store the 1's complement of the WAIT
0723 e10d 37                 [ 3 ] clrstat pshb                        Save the task number.
0724 e10e 36                 [ 3 ]         psha                        Then save the mask again.
0725 e10f 86 05              [ 2 ]         ldaa   #TCBLEN              Use the task number to compute the address
0726 e111 3d                 [10 ]         mul                           of its TCB
0727 e112 c3 00 9c           [ 4 ]         addd   #STATLS-TCBLEN
0728 e115 8f                 [ 3 ]         xgdx                        Put the TCB address in IX register
0729 e116 32                 [ 4 ]         pula                        Get the mask of bits to clear.
0730 e117 0f                 [ 2 ] clrbits sei
0731 e118 a4 00              [ 4 ]         anda   0,x                  Clear the byte as given by the mask.
0732 e11a a7 00              [ 4 ]         staa   0,x                  Save the updated TCB status byte.
0733 e11c 32                 [ 4 ]         pula                        Get the task number again.
0734 e11d 26 09              [ 3 ]         bne    immrtn               Branch to immediate exit if task's status
0735                               *                                     indicates it is not ready to run (!=0).
0736 e11f 91 f7              [ 3 ]         cmpa   hipri                If it is ready to run, is it of higher
0737                               *                                     priority than the current highest 
0738                               *                                     priority task which is ready to run?
0739 e121 2c 05              [ 3 ]         bge    immrtn               Branch if task priority < hipri.         
0740 e123 97 f7              [ 3 ]         sta    hipri                If so, then make it the new hipri task.
0741 e125 df f8              [ 4 ]         stx    pritcb               Save its TCB address too.
0742                               
0743 e127 0f                 [ 2 ] endtsk  sei                         Disable interrupts
0744 e128 7a 00 fa           [ 6 ] immrtn  dec    intlvl               Decrement the interrupt level.
0745 e12b 26 c5              [ 3 ]         bne    intrtn               If it is >0, then the interrupt occurred
0746                               *                                     while we were doing system operations.
0747 e12d 96 f4              [ 3 ]         ldaa   curtsk               See if the current task is 0.
0748 e12f 26 07              [ 3 ]         bne    notdisp              If not, branch.
0749 e131 30                 [ 3 ]         tsx                         If so, the MCX11 Dispatcher was interrupted
0750                               *                                     See what task was being checked when the
0751                               *                                     interrupt occurred. The context of the
0752                               *                                     Dispatcher is found on the system stack.
0753 e132 a6 02              [ 4 ]         ldaa   ACCA,x               Get the content of ACCA from the stack as
0754                               *                                     it holds the value of the "current task"
0755                               *                                     being used by the Dispatcher.
0756 e134 91 f7              [ 3 ]         cmpa   hipri                Compare it to hipri task number.
0757 e136 2f ba              [ 3 ]         ble    intrtn               The "current task" is of higher priority.
0758 e138 de f8              [ 4 ] notdisp ldx    pritcb               Get the hipri task's TCB address
0759 e13a 96 f7              [ 3 ]         ldaa   hipri                and set up the hipri task number.
0760 e13c 1f 00 ff ac        [ 7 ]         brclr  STATE,x $FF setcur   If task is ready to run, go to it
0761 e140 20 92              [ 3 ] 	bra    next                 Otherwise, look for next lower priority
0762                               *                                     task that is ready to run.
0763                               
0764                               *******************************************************************************
0765                               *                                                                             *
0766                               *                    MCX11 EXECUTIVE SERVICES DISPATCHER                      *
0767                               *                                                                             *
0768                               *******************************************************************************
0769                               *                                                                             *
0770                               * The Executive Services Dispatcher is the heart of MCX11. This is the point  *
0771                               * to which all Executive Service Requests (ESR) are vectored. The ESR Dis-    *
0772                               * patcher takes the function code of the ESR requested by the task and uses   *
0773                               * it as an index into a jump table to the various ESR functions. This code is *
0774                               * entered by a SWI instruction so it must be treated as a special kind of     *
0775                               * interrupt. The nested interrupt level is always =0 upon entry because the   *
0776                               * ESR is coming from a task. The ESR function is always found at the byte     *
0777                               * immediately following the SWI.                                              *
0778                               *                                                                             *
0779                               *******************************************************************************
0780                               
0781 e142 7c 00 fa           [ 6 ] mcxsrv  inc    intlvl               Increment the interrupt nest level
0782 e145 de f5              [ 4 ]         ldx    curtcb
0783 e147 af 01              [ 5 ]         sts    ACTSP,x              Save SP in TCB of current task
0784 e149 18 30              [ 4 ]         tsy                         Save Top-of-Stack (TOS) in IY. This will
0785                               *                                     actually point to the CCR byte
0786 e14b 8e 00 1f           [ 3 ]         lds    #SYSTACK             Load SP with address of system stack
0787 e14e 0e                 [ 2 ]         cli                         Now interrupts are turned on
0788 e14f cd ee 07           [ 6 ]         ldx    PC,y                 Set up pointer to the ESR function
0789 e152 e6 00              [ 4 ]         ldab   0,x                  Get the ESR function code
0790 e154 08                 [ 3 ]         inx                         Bump the return address by 1
0791 e155 cd ef 07           [ 6 ]         stx    PC,y                 Save the return address
0792 e158 58                 [ 2 ]         aslb                        Multiply the ESR function code by 2
0793 e159 ce e1 64           [ 3 ]         ldx    #jtable              Load address of the ESR jump table
0794 e15c 3a                 [ 3 ]         abx                         Add function code*2 to base address of
0795                               *                                     jump table to get ESR vector
0796 e15d ee 00              [ 5 ]         ldx    0,x                  Load the ESR vector into IX
0797 e15f 18 ec 01           [ 6 ]         ldd    ACCB,y               Load up ACCA and ACCB with the arguments
0798                               *                                     as passed by the calling task but
0799                               *                                     switch ACCA and ACCB contents.
0800                               
0801                               *******************************************************************************
0802                               *                                                                             *
0803                               * At this point the processor context is as follows:                          *
0804                               *                                                                             *
0805                               *              CCR       conditions wrt contents of ACCB & ACCA (don't use)   *
0806                               *              ACCA      ACCB as passed from calling task (ESR dependent)     *
0807                               *              ACCB      ACCA as passed from calling task (ESR dependent)     *
0808                               *              IX        Address of the ESR function                          *
0809                               *              IY        Address of task's Top-of-Stack (CCR byte)            *
0810                               *              SP        Base of System Stack                                 *
0811                               *                                                                             *
0812                               * In addition, the nested interrupt level is = 1, curtsk  and hipri are set   *
0813                               * to the number of the calling task, and curtcb and hipri both contain the    *
0814                               * address of the current task's TCB.                                          *
0815                               *                                                                             *
0816                               *******************************************************************************
0817                               
0818 e162 6e 00              [ 3 ]         jmp    0,x                  Go to the ESR function
0819                               
0820                               *******************************************************************************
0821                               *                                                                             *
0822                               *                              ESR JUMP TABLE                                 *
0823                               *                                                                             *
0824                               *******************************************************************************
0825                               
0826 e164 e1 27                    jtable  FDB    endtsk               0  = Immediate return (NOP)
0827 e166 e1 84                            FDB    .wait                1  = Wait for an event
0828 e168 e0 f8                            FDB    .signal              2  = Signal a semaphore
0829 e16a e1 a3                            FDB    .pend                3  = Set a semaphore to PENDing state
0830 e16c e1 b7                            FDB    .send                4  = Send a task a message without waiting
0831 e16e e1 b6                            FDB    .sendw               5  = Send a task a message with wait
0832 e170 e2 17                            FDB    .recv                6  = Receive a message
0833 e172 e2 65                            FDB    .deque               7  = Dequeue an entry from a FIFO queue
0834 e174 e2 e1                            FDB    .enque               8  = Enqueue an entry into a FIFO queue
0835 e176 e3 29                            FDB    .resume              9  = Resume a task in suspension
0836 e178 e3 2e                            FDB    .suspnd              10 = Suspend a task's operation
0837 e17a e3 42                            FDB    .termn8              11 = Terminate a task's operaton
0838 e17c e3 5d                            FDB    .xeqt                12 = Execute a task
0839 e17e e3 83                            FDB    .delay               13 = Delay a task for a period of time
0840 e180 e3 85                            FDB    .timer               14 = Set up a timer
0841 e182 e4 21                            FDB    .purge               15 = Remove a given timer from active state
0842                               
0843                               
0844                               * ESR1
0845                               *******************************************************************************
0846                               *                                                                             *
0847                               * WAIT for an event to occur. This ESR is used to place the calling task into *
0848                               * a WAIT state where it will remain until the event happens. If the event has *
0849                               * already occurred, the wait does not happen and control is immediately re-   *
0850                               * turned to the calling task. WAIT is always associated with a semaphore. The *
0851                               * semaphore can be explicitly stated or it can be implicit, i.e. the task's   *
0852                               * semaphore. Regardless of how the semaphore is defined in the ESR, the sema- *
0853                               * phore must be in the PENDing state if the WAIT is to occur. The process     *
0854                               * handling the signaling of the event when it occurs must have prior know-    *
0855                               * ledge that the event uses a particular semaphore. Only in this way can the  *
0856                               * waiting task and the signalling task be connected.                          *
0857                               *                                                                             *
0858                               * calling sequence:                                                           *
0859                               *                                                                             *
0860                               *                   ACCB = semaphore number                                   *
0861                               *                   swi                                                       *
0862                               *                    FCB   .wait.                                                   *
0863                               *                   return: all registers unchanged                           *
0864                               *                                                                             *
0865                               *******************************************************************************
0866                               
0867 e184 16                 [ 2 ] .wait   tab                        Test the semaphore number
0868 e185 26 04              [ 3 ]         bne    wait2               If it is defined, go set up the wait
0869 e187 d6 f4              [ 3 ]         ldab   curtsk              Otherwise use the task's semaphore
0870 e189 cb 08              [ 2 ]         addb   #NNAMSEM
0871 e18b ce 00 be           [ 3 ] wait2   ldx    #FLGTBL-1
0872 e18e 3a                 [ 3 ]         abx                        Compute address of the semaphore
0873 e18f 0f                 [ 2 ] 	sei			   Start of critical code  *** (V1.3 #4) ***
0874 e190 6d 00              [ 6 ]         tst    0,x                 Test the semaphore contents
0875 e192 2b 07              [ 3 ]         bmi    waitt               Branch if already in the WAIT state
0876                               *				     This is a safety net, if you should unin-
0877                               *                                    tentionally have more than one task wait-
0878                               *				     ing on a semaphonre at a time all but the
0879                               *				     first will not wake up unless they are re-
0880                               *				     exicuted.
0881 e194 27 18              [ 3 ]         beq    pendset             If DONE, go reset to PENDing and return
0882 e196 96 f4              [ 3 ] force   ldaa   curtsk              If state of semaphore is PENDing, the
0883 e198 40                 [ 2 ]         nega                         event has not yet occurred so
0884 e199 a7 00              [ 4 ]         staa   0,x                 Set the semaphore to WAIT on current task.
0885 e19b de f5              [ 4 ] waitt   ldx    curtcb              Get current task's TCB address
0886 e19d 1c 00 40           [ 7 ]         bset   STATE,x _WAIT       Set the WAIT state in task's status byte.
0887                               *** (V1.3 #4) ***
0888 e1a0 7e e1 28           [ 3 ]         jmp    immrtn		   Critical code ends at actual return to task
0889                               
0890                               *******************************************************************************
0891                               *                                                                             *
0892                               * Force a semaphore to a PENDing state. This function should be used to make  *
0893                               * sure that a semaphore is in the correct state if there is some doubt. A     *
0894                               * semaphore must be in a PENDing state before it can transition to a WAITing  *
0895                               * state. All semaphores should be initialized to a PENDing state at the time  *
0896                               * of system initialization. After that, they are generally maintained by the  *
0897                               * .wait and .signal functions. However, it may become necessary at some time  *
0898                               * to set a given semaphore PENDing to insure that the event is recognized as  *
0899                               * having yet occurred.                                                        *
0900                               *                                                                             *
0901                               * calling sequence:                                                           *
0902                               *                                                                             *
0903                               *                   ACCB = semaphore number                                   *
0904                               *                   swi                                                       *
0905                               *                    FCB   .pend.                                                   *
0906                               *                   return: all registers unchanged                           *
0907                               *                                                                             *
0908                               *******************************************************************************
0909                               
0910 e1a3 16                 [ 2 ] .pend   tab                        Put semaphore number in ACCB
0911 e1a4 26 04              [ 3 ]         bne    dopend              Branch if semaphore is defined.
0912 e1a6 d6 f4              [ 3 ]         ldab   curtsk              Else use task semaphore.
0913 e1a8 cb 08              [ 2 ]         addb   #NNAMSEM
0914 e1aa ce 00 be           [ 3 ] dopend  ldx    #FLGTBL-1           Compute the address of the given semaphore.
0915 e1ad 3a                 [ 3 ]         abx
0916 e1ae 86 01              [ 2 ] pendset ldaa   #_PEND              Set the semaphore to pending
0917 e1b0 0f                 [ 2 ]         sei
0918 e1b1 a7 00              [ 4 ]         staa   0,x
0919 e1b3 7e e1 28           [ 3 ]         jmp    immrtn              All done.
0920                               
0921                               *******************************************************************************
0922                               *                                                                             *
0923                               * Send a message and wait for reply. This function is the same as the .send.  *
0924                               * function except that it puts the sender into a Wait state until the task    *
0925                               * receiving the message signals the semaphore to indicate it is finished.     *
0926                               *                                                                             *
0927                               * calling sequence:                                                           *
0928                               *                                                                             *
0929                               *                   ACCA = Task number of the receiver                        *
0930                               *                   ACCB = Semaphore number                                   *
0931                               *                   IX = Message address                                      *
0932                               *                   swi                                                       *
0933                               *                    FCB   .sendw.                                                  *
0934                               *                   return: Registers are unchanged                           *
0935                               *                           ACCB will = Current task # if the semaphore       *
0936                               *                             number was = 0 at the time of the ESR           *
0937                               *                                                                             *
0938                               *******************************************************************************
0939                               
0940 e1b6 5f                 [ 2 ] .sendw  clrb                       Set switch = 0 for .sendw.
0941                               
0942                               *******************************************************************************
0943                               *                                                                             *
0944                               * Send a message. This function sends a message but does not wait for a reply *
0945                               * to be returned from the receiver. There is a semaphore associated with the  *
0946                               * message but it is set to a PENDing state. The Sending task may perform a    *
0947                               * .wait. on that semaphore at a later time if necessary. Neither .send. nor   *
0948                               * .sendw. moves data from the sender to the receiver. Instead, only the       *
0949                               * pointer to the message is moved. Each task has a threaded list of messages  *
0950                               * which it can receive. The threaded list entry is the pointer to the message.*
0951                               * The message pointer is inserted into the threaded list in the order of the  *
0952                               * sending task's priority.                                                    *
0953                               *                                                                             *
0954                               * calling sequence:                                                           *
0955                               *                                                                             *
0956                               *                   ACCA = Task number of the receiver                        *
0957                               *                   ACCB = Semaphore number                                   *
0958                               *                   IX = Message address                                      *
0959                               *                   swi                                                       *
0960                               *                    FCB   .send.                                                   *
0961                               *                   return: Registers are unchanged                           *
0962                               *                           ACCB will = Task semaphore # if ACCB was = 0      *
0963                               *                                       at the time of the ESR.               *
0964                               *                                                                             *
0965                               *******************************************************************************
0966                               
0967 e1b7 37                 [ 3 ] .send   pshb                       Save the switch. Switch > 0 for .send
0968 e1b8 18 e6 01           [ 5 ]         ldab   ACCB,y              Get the semaphore number for the message.
0969 e1bb 26 07              [ 3 ]         bne    havsema             Branch if semaphore # > 0.
0970 e1bd d6 f4              [ 3 ]         ldab   curtsk              If semaphore # = 0, use task semaphore.
0971 e1bf cb 08              [ 2 ]         addb   #NNAMSEM
0972 e1c1 18 e7 01           [ 5 ]         stab   ACCB,y
0973 e1c4 ce 00 be           [ 3 ] havsema ldx    #FLGTBL-1
0974 e1c7 3a                 [ 3 ]         abx                        Compute address of the semaphore.
0975 e1c8 33                 [ 4 ]         pulb                       Get the send switch.
0976 e1c9 5d                 [ 2 ]         tstb                       Test switch.
0977 e1ca 26 03              [ 3 ]         bne    notw                Branch if switch set for no waiting.
0978 e1cc 96 f4              [ 3 ]         ldaa   curtsk              
0979 e1ce 40                 [ 2 ]         nega                       If switch set for wait, set -task #.
0980 e1cf a7 00              [ 4 ] notw    staa   0,x                 Set the semaphore to proper value.
0981 e1d1 de f5              [ 4 ]         ldx    curtcb              Get address of current task's TCB.
0982 e1d3 5d                 [ 2 ]         tstb                       Test the switch again.
0983 e1d4 26 03              [ 3 ]         bne    waitnot
0984 e1d6 1c 00 40           [ 7 ]         bset   STATE,x _WAIT       Set the sender's status to WAITing.
0985 e1d9 18 a6 02           [ 5 ] waitnot ldaa   ACCA,y              Get the receiving task #.
0986 e1dc 36                 [ 3 ]         psha                       Save it for later use, too.
0987 e1dd c6 05              [ 2 ]         ldab   #TCBLEN
0988 e1df 3d                 [10 ]         mul                        Compute TCB address of receiving task.
0989 e1e0 c3 00 9c           [ 4 ]         addd   #STATLS-TCBLEN
0990 e1e3 8f                 [ 3 ]         xgdx
0991 e1e4 3c                 [ 4 ]         pshx                       Save TCB address for later use.
0992 e1e5 c6 03              [ 2 ]         ldab   #MSGTHRD
0993 e1e7 3a                 [ 3 ]         abx
0994 e1e8 18 a6 01           [ 5 ]         ldaa   ACCB,y              Get the semaphore number
0995 e1eb 18 ee 03           [ 6 ]         ldy    IX,y                Load IY with message address.
0996 e1ee 18 a7 03           [ 5 ]         staa   MSEMA,y             Set up semaphore # in message header.
0997 e1f1 96 f4              [ 3 ]         ldaa   curtsk
0998 e1f3 18 a7 02           [ 5 ]         staa   MTASK,y             Set up current task as sender.
0999 e1f6 18 3c              [ 5 ]         pshy                       Save address of the message header.
1000 e1f8 1a ee 00           [ 6 ] nsrtlp  ldy    MLINK,x             Look at the receiver's next message address.
1001 e1fb 27 09              [ 3 ]         beq    insert              If pointer = 0, End-of=List. Go insert here.
1002 e1fd 18 a1 02           [ 5 ]         cmpa   MTASK,y             If there is a message on the thread, look at
1003                               *                                    the task number of its sender and compare
1004                               *                                    it to the sender's task number for this
1005                               *                                    new message.
1006                               *
1007 e200 25 04              [ 3 ]         blo    insert              If the new message's sender has a priority |
1008                               *                                    higher than that of the threaded message,|
1009                               *                                    go insert the new message pointer in front
1010                               *                                    of the one on the list. (V1.1 #4)        |
1011 e202 ee 00              [ 5 ]         ldx    MLINK,x             Otherwise, walk the thread.
1012 e204 20 f2              [ 3 ]         bra    nsrtlp              Keep looking for a place to insert new msg.
1013 e206 18 8f              [ 4 ] insert  xgdy                       Put address of next nessage in ACCD.
1014 e208 18 38              [ 6 ]         puly                       Get address of new message's header.
1015 e20a 18 ed 00           [ 6 ]         std    MLINK,y             Link new message into threrad.
1016 e20d 18 8f              [ 4 ]         xgdy
1017 e20f ed 00              [ 5 ]         std    MLINK,x
1018 e211 38                 [ 5 ]         pulx                       Get address of TCB of receiver again. 
1019                               ***(V1.3 #5)***
1020 e212 86 df              [ 2 ]         ldaa   #-_RCVWAT-1
1021 e214 7e e1 17           [ 3 ]         jmp    clrbits             Go clear the receiver wait, if any.
1022                               
1023                               *******************************************************************************
1024                               *                                                                             *
1025                               * Receive a message. This function is used by a receiving task to get the     *
1026                               * next message from the task's message thread. Normally, the next message is  *
1027                               * pointed to by the content of the message thread pointer in the task's TCB.  *
1028                               * However, it is also possible to get the next message sent from a given task *
1029                               * to the receiver task. By this technique, the receiver may effectively ig-   *
1030                               * nore other senders and reserve all activity for the one sending task. This  *
1031                               * is useful in designing server tasks which need to insure the dedicated use  *
1032                               * of a given resource.                                                        *
1033                               *                                                                             *
1034                               * calling sequence:                                                           *
1035                               *                                                                             *
1036                               *                   ACCA = task number (Otherwise this must be 0)             *
1037                               *                   swi                                                       *
1038                               *                    FCB   .recv.                                                   *
1039                               *                   return: IX contains the address of the received message   *
1040                               *                           All other registers unchanged                     *
1041                               *                                                                             *
1042                               *******************************************************************************
1043                               
1044 e217 de f5              [ 4 ] .recv   ldx    curtcb              Set up to see if there is a special task
1045 e219 5d                 [ 2 ]         tstb                       ACCB holds the task number or 0.
1046 e21a 26 20              [ 3 ]         bne    special             If ACCB != 0, it contains the task number.
1047 e21c ec 03              [ 5 ]         ldd    MSGTHRD,x           If not given task #, get next message.
1048 e21e 27 0d              [ 3 ]         beq    waitrcv             See if message thread is null. (=0)
1049 e220 18 ed 03           [ 6 ]         std    IX,y                It's not. We have a message. Save address.
1050 e223 18 8f              [ 4 ]         xgdy
1051 e225 18 ec 00           [ 6 ]         ldd    0,y                 Then unlink the message from the thread.
1052 e228 ed 03              [ 5 ]         std    MSGTHRD,x
1053 e22a 7e e1 27           [ 3 ]         jmp    endtsk              Wrap it up.
1054                               *** (V1.3 #5) ***
1055 e22d 1c 00 20           [ 7 ] waitrcv bset   STATE,x _RCVWAT       If no message available, set up a RCVWAT
1056                               *** (V1.2 #1) *** 
1057 e230 18 ec 07           [ 6 ]         ldd    PC,y                Then back up the PC in the stacked         |
1058 e233 83 00 02           [ 4 ]         subd   #2                   context by 2 bytes                        |
1059 e236 18 ed 07           [ 6 ]         std    PC,y                                                           |
1060 e239 7e e1 27           [ 3 ]         jmp    endtsk              Go to wrap up routine                      |
1061                               
1062 e23c 18 3c              [ 5 ] special pshy                       Save address of the task's stack context.
1063 e23e c6 03              [ 2 ]         ldab   #MSGTHRD            ACCB still contains the task number.
1064 e240 3a                 [ 3 ]         abx                        Adjust IX to point to message thread pntr.
1065 e241 18 e6 02           [ 5 ]         ldab   ACCA,y              Get the task number again.
1066 e244 1a ee 00           [ 6 ] rcvloop ldy    0,x                 Get the address of the next message header.
1067 e247 27 e4              [ 3 ]         beq    waitrcv             If no message available, go wait for one.
1068 e249 18 e1 02           [ 5 ]         cmpb   MTASK,y             Compare the sender's task number to special
1069 e24c 27 06              [ 3 ]         beq    rcvgo                 task number. If a match, go to it.
1070 e24e 2d dd              [ 3 ]         blt    waitrcv               If special task number < sender's, wait.
1071 e250 ee 00              [ 5 ]         ldx    0,x                 If special task number > special, set up IX
1072 e252 20 f0              [ 3 ]         bra    rcvloop               to point to current message header and
1073                               *                                    then go check next message.
1074 e254 18 8f              [ 4 ] rcvgo   xgdy                       We have a message. Put its address in ACCD.
1075 e256 18 38              [ 6 ]         puly                       Then set up IY to point to the stack context
1076 e258 18 ed 03           [ 6 ]         std    IX,y                Store the message address in the IX register
1077                               *                                    of the receiving task's stack context.
1078 e25b 18 8f              [ 4 ]         xgdy                       Then put the pointer back into IY.
1079 e25d 18 ec 00           [ 6 ]         ldd    0,y                 Unlink the message from the thread.
1080 e260 ed 00              [ 5 ]         std    0,x
1081 e262 7e e1 27           [ 3 ]         jmp    endtsk              Go wrap it up.
1082                               
1083                               
1084                               *******************************************************************************
1085                               *                                                                             *
1086                               * Dequeue an element from a FIFO queue. This function is used to remove an    *
1087                               * element from a FIFO (First in- First out) queue. The queue is divided into  *
1088                               * two parts, the queue header and the queue body. The queue header contains   *
1089                               * all of the information about the state of the queue body. An attempt to re- *
1090                               * move an entry from an empty queue will place the caller into a wait state.  *
1091                               * When the queue has something put into it, the waiting task will be resumed. *
1092                               * Queue entries can be of any size but each queue handles only one size of    *
1093                               * entry.                                                                      *
1094                               *                                                                             *
1095                               * calling sequence:                                                           *
1096                               *                                                                             *
1097                               *                   ACCA = Queue number                                       *
1098                               *                   IX =   Destination address of dequeued entry of           *
1099                               *                            size > 2 bytes. Otherwise ignored.               *
1100                               *                   swi                                                       *
1101                               *                    FCB   .deque.                                                  *
1102                               *                   return: For an entry size of 1 byte:                      *
1103                               *                            ACCA = dequeued entry                            *
1104                               *                           For an entry size of 2 bytes:                     *
1105                               *                            ACCA = byte 1 of entry                           *
1106                               *                            ACCB = byte 2 of entry                           *
1107                               *                           Other registers unchanged                         *
1108                               *                                                                             *
1109                               *******************************************************************************
1110                               
1111 e265 8d 5f              [ 6 ] .deque  bsr    qsetup              Set up the queue header information
1112                               *                                    The queue depth and width are moved to
1113                               *                                    RAM work area as is the Not Empty sema-
1114                               *                                    phore. The address of the queue body is
1115                               *                                    in RAM at location "temp".
1116 e267 e6 00              [ 4 ]         ldab   CURSIZ,x            Check current size of queue to see if empty.
1117 e269 27 44              [ 3 ]         beq    qempty              Branch if queue is empty.
1118 e26b 3c                 [ 4 ]         pshx                       Save the queue header address.
1119 e26c a6 01              [ 4 ]         ldaa   PIX,x               Not empty. Get the Put Index and subtract
1120 e26e 10                 [ 2 ]         sba                          the Current Size from it.
1121 e26f 24 02              [ 3 ]         bhs    nowrap              Check for wrap around.
1122 e271 9b fe              [ 3 ]         adda   depth               If so, add Depth of queue.
1123 e273 d6 fd              [ 3 ] nowrap  ldab   width               ACCA = Get Index. Load ACCB with Width of
1124 e275 37                 [ 3 ]         pshb                         an entry. Also save the width for later.
1125 e276 6a 00              [ 6 ]         dec    CURSIZ,x            Decrement the Current Size of the queue by 1
1126 e278 3d                 [10 ]         mul                        Now multiply the Width times the Get Index
1127 e279 d3 fb              [ 5 ]         addd   temp                  and add the base address of the queue body
1128 e27b 8f                 [ 3 ]         xgdx                         to get address of the entry to dequeue.
1129 e27c 32                 [ 4 ]         pula                       Get the Width again
1130 e27d 81 02              [ 2 ]         cmpa   #2                  Is it > 2 bytes?
1131 e27f 2e 15              [ 3 ]         bgt    dqgt2               Branch if width > 2 bytes.
1132 e281 2c 07              [ 3 ]         bge    dq2                 See if Width = 2 bytes and branch if so.
1133 e283 e6 00              [ 4 ]         ldab   0,x                 Width = 1 byte. Get it.
1134                               **(V1.1 #1)**
1135 e285 18 e7 02           [ 5 ]         stab   ACCA,y              Store it in ACCA of the stack context.     |
1136 e288 20 1a              [ 3 ]         bra    dqend               That's it.
1137 e28a e6 00              [ 4 ] dq2     ldab   0,x                 For Width = 2 bytes, get the 1st byte
1138 e28c 18 e7 02           [ 5 ]         stab   ACCA,y                and store it in ACCA of stack context.
1139 e28f e6 01              [ 4 ]         ldab   1,x                 Then get the 2nd byte and store in in ACCB
1140 e291 18 e7 01           [ 5 ]         stab   ACCB,y                of the stack context.
1141 e294 20 0e              [ 3 ]         bra    dqend               And that's that for size = 2.
1142 e296 18 ee 03           [ 6 ] dqgt2   ldy    IX,y                For Width > 2 bytes, get the destination
1143                               *                                    address from IX of the stack context.
1144 e299 e6 00              [ 4 ] dqloop  ldab   0,x                 Get next byte from queue body.
1145 e29b 18 e7 00           [ 5 ]         stab   0,y                 Move it to next byte of the destination.
1146 e29e 08                 [ 3 ]         inx
1147 e29f 18 08              [ 4 ]         iny
1148 e2a1 4a                 [ 2 ]         deca                       Decrement the Width count.
1149 e2a2 26 f5              [ 3 ]         bne    dqloop              Loop until count is = 0.
1150 e2a4 38                 [ 5 ] dqend   pulx                       When done, get the queue header address.
1151 e2a5 e6 02              [ 4 ]         ldab   QSEMA,x             Get the Queue NOT FULL semaphore #
1152 e2a7 27 79              [ 3 ]         beq    nopost              See if anyone is waiting for NOT FULL.
1153 e2a9 4f                 [ 2 ] postem  clra                       There is. Go signal the semaphore.
1154 e2aa a7 02              [ 4 ]         staa   QSEMA,x             But first, set the active semaphore # = 0
1155 e2ac 7e e0 f9           [ 3 ]         jmp    signal2
1156 e2af db ff              [ 3 ] qempty  addb   notmt               Queue is empty. Set up a wait state for this
1157 e2b1 e7 02              [ 4 ]         stab   QSEMA,x               task on the Queue NOT EMPTY semaphore
1158                               ** (V1.2 #2) **
1159 e2b3 37                 [ 3 ] backup  pshb                       Save the semaphore number                  |
1160 e2b4 18 ec 07           [ 6 ]         ldd    PC,y                Here we have to back up the PC by 2 bytes  |
1161 e2b7 83 00 02           [ 4 ]         subd   #2                    so that when the task restarts, it will  |
1162                               *                                    be at the SWI used to call MCX11.        |
1163 e2ba 18 ed 07           [ 6 ]         std    PC,y                Save the decremented PC                    |
1164 e2bd 33                 [ 4 ]         pulb                       Get the semaphore number.                  |
1165 e2be ce 00 be           [ 3 ]         ldx    #FLGTBL-1                                                      |
1166 e2c1 3a                 [ 3 ]         abx                        Calculate address of semaphore.            |
1167                               *** (V1.3 #6) ***
1168 e2c2 0f                 [ 2 ] 	sei			   Prepare to enter critical code
1169 e2c3 7e e1 96           [ 3 ]         jmp    force               Go set the wait state and clean up.        |
1170                               
1171 e2c6 4f                 [ 2 ] qsetup  clra
1172 e2c7 58                 [ 2 ]         aslb                       Multiply the queue number by the length
1173 e2c8 37                 [ 3 ]         pshb                       Save queue number * 2.
1174 e2c9 18 eb 02           [ 5 ]         addb   ACCA,y                of the queue initialization data block.
1175 e2cc 58                 [ 2 ]         aslb
1176 e2cd c3 df fa           [ 4 ]         addd   #QUEDATA-QUEDATL    Then add the address of the queue init data
1177 e2d0 8f                 [ 3 ]         xgdx
1178 e2d1 33                 [ 4 ]         pulb                       Get queue number * 2 and add the number of
1179 e2d2 cb 0c              [ 2 ]         addb   #NNAMSEM+NTASKS-1     named semaphores + the number of tasks
1180 e2d4 d7 ff              [ 3 ]         stab   notmt                 to get the NOT EMPTY semaphore #.
1181 e2d6 ec 00              [ 5 ]         ldd    WIDTH,x             Get the width and depth of the queue
1182 e2d8 dd fd              [ 4 ]         std    width               Store them in the work area of RAM.
1183 e2da ec 04              [ 5 ]         ldd    QADDR,x             Get the queue body address
1184 e2dc dd fb              [ 4 ]         std    temp                Store it in temp word in RAM
1185 e2de ee 02              [ 5 ]         ldx    QHADR,x             Get the Queue Header address
1186 e2e0 39                 [ 5 ]         rts                        Return
1187                               
1188                               *******************************************************************************
1189                               *                                                                             *
1190                               * Enqueue an element into a FIFO queue. This function is used to insert an    *
1191                               * element into a FIFO (First in- First out) queue. The queue is divided into  *
1192                               * two parts, the queue header and the queue body. The queue header contains   *
1193                               * all of the information about the state of the queue body. An attempt to in- *
1194                               * sert an entry into a full queue  will place  the caller into a wait state.  *
1195                               * When the queue has something taken out of it, the waiting task will be      *
1196                               * resumed. Queue entries can be of any size but each queue handles only one   *
1197                               * size of entry.                                                              *
1198                               *                                                                             *
1199                               * calling sequence:                                                           *
1200                               *                                                                             *
1201                               *                   ACCA = Queue number                                       *
1202                               *                   IX =   Source address of entry to be enqueued if          *
1203                               *                            size > 2 bytes.                                  *
1204                               *                          Or, IX8-15 = byte to be enqueued if size = 1       *
1205                               *                          Or, IX8-15 = byte 1 and IX0-7 = byte 2 if size = 2 *
1206                               *                   swi                                                       *
1207                               *                    FCB   .enque.                                            *
1208                               *                   return: Registers are unchanged                           *
1209                               *                                                                             *
1210                               *******************************************************************************
1211                               
1212 e2e1 8d e3              [ 6 ] .enque  bsr    qsetup              Set up the queue header information
1213 e2e3 96 fe              [ 3 ]         ldaa   depth               Compare DEPTH of queue to its Current Size
1214 e2e5 a1 00              [ 4 ]         cmpa   CURSIZ,x              to see if it is full.
1215 e2e7 27 3c              [ 3 ]         beq    full                Branch if queue is full.
1216 e2e9 3c                 [ 4 ]         pshx                       Save address of the queue header.
1217 e2ea a1 01              [ 4 ]         cmpa   PIX,x               Compare the depth to the Put Index to see
1218 e2ec 2e 03              [ 3 ]         bgt    wrapnot               if there is an address wrap around.
1219 e2ee 4f                 [ 2 ]         clra
1220 e2ef a7 01              [ 4 ]         staa   PIX,x               If a wrap around, reset Put Index to 0.
1221 e2f1 96 fd              [ 3 ] wrapnot ldaa   width               Then use the width and the Put index to
1222 e2f3 36                 [ 3 ]         psha                         compute the destination address in the 
1223 e2f4 e6 01              [ 4 ]         ldab   PIX,x                 queue body.
1224 e2f6 3d                 [10 ]         mul
1225 e2f7 d3 fb              [ 5 ]         addd   temp   
1226 e2f9 6c 01              [ 6 ]         inc    PIX,x               Bump the Put Index
1227 e2fb 6c 00              [ 6 ]         inc    CURSIZ,x            Bump the Current Size
1228                               *** (V1.3 #7) ***
1229 e2fd 18 ee 03           [ 6 ]         ldy    IX,y                Get data to be enqueued or pointer to it.
1230 e300 8f                 [ 3 ]         xgdx                       Move destination address into IX.
1231 e301 32                 [ 4 ]         pula                       Get the Width again.
1232 e302 81 02              [ 2 ]         cmpa   #2                  See if Width > 2 bytes.
1233 e304 2e 0c              [ 3 ]         bgt    nqloop              Branch if Width > 2 bytes
1234 e306 18 8f              [ 4 ]         xgdy                       If not, the data is in IY. Put it in ACCD.
1235 e308 27 04              [ 3 ]         beq    nq2                 Branch if Width = 2 bytes.
1236                               ** (V1.1 #2) **
1237 e30a a7 00              [ 4 ]         staa   0,x                 Width is 1 byte. Store it from IX8-15.
1238 e30c 20 0f              [ 3 ]         bra    nqend               Then go to wrap up routine.
1239 e30e ed 00              [ 5 ] nq2     std    0,x                 For Width of 2 bytes, store from IX0-15.
1240 e310 20 0b              [ 3 ]         bra    nqend
1241 e312 18 e6 00           [ 5 ] nqloop  ldab   0,y                 For Width > 2 bytes, move a byte from the
1242 e315 e7 00              [ 4 ]         stab   0,x                   source address to the destination address.
1243 e317 08                 [ 3 ]         inx
1244 e318 18 08              [ 4 ]         iny
1245 e31a 4a                 [ 2 ]         deca                       Decrement the counter in ACCA.
1246 e31b 26 f5              [ 3 ]         bne   nqloop               Loop until done.
1247 e31d 38                 [ 5 ] nqend   pulx                       When all done, get the address of the queue
1248 e31e e6 02              [ 4 ]         ldab  QSEMA,x                header, and test for a waiter on queue
1249                               *                                    Not Empty.
1250 e320 26 87              [ 3 ]         bne   postem               If there is a waiting task, go resume it.
1251 e322 7e e1 27           [ 3 ] nopost  jmp   endtsk               If not, just go back to caller.
1252 e325 c6 01              [ 2 ] full    ldab  #1                   If queue is full, set up a wait on it.
1253                               *                                  Queue Not Full semaphore = Not Empty + 1.
1254 e327 20 86              [ 3 ]         bra   qempty               Go set up the Wait condition.
1255                               
1256                               *******************************************************************************
1257                               *                                                                             *
1258                               * Resume a task. This is the opposite function of .suspnd.. The SUSPEND state *
1259                               * is removed from the specified task. If the removal of the suspension makes  *
1260                               * the task runnable, it is scheduled. If it is of higher priority than the    *
1261                               * resuming task, a context switch will occur. Note that the task to be        *
1262                               * resumed must be explicitly specified by the content of ACCA. A task may not *
1263                               * resume itself, obviously.                                                   *
1264                               *                                                                             *
1265                               * calling sequence:                                                           *
1266                               *                                                                             *
1267                               *                   ACCA = task number                                        *
1268                               *                   swi                                                       *
1269                               *                    FCB   .resume.                                                 *
1270                               *                   return:  All registers unchanged                          *
1271                               *                                                                             *
1272                               *******************************************************************************
1273                               
1274 e329 86 7f              [ 2 ] .resume ldaa   #-_SUSPND-1
1275 e32b 7e e1 0d           [ 3 ]         jmp    clrstat             Go clear the task's suspend status.
1276                               
1277                               *******************************************************************************
1278                               *                                                                             *
1279                               * Suspend a task. This function is used to set a task into the SUSPEND state. *
1280                               * Once in this state, it cannot be made runnable again except by a .resume.   *
1281                               * ESR or an .execute. ESR. The task to be suspended is specified by putting   *
1282                               * its task number in ACCA. If the current task is suspendeing itself, ACCA    *
1283                               * is set to either the task number, if known, or more simply, a 0.            *
1284                               *                                                                             *
1285                               * calling sequence:                                                           *
1286                               *                                                                             *
1287                               *                   ACCA = task number (Otherwise this must be 0)             *
1288                               *                   swi                                                       *
1289                               *                    FCB   .suspend.                                                 *
1290                               *                   return:  All registers unchanged                          *
1291                               *                                                                             *
1292                               *******************************************************************************
1293 e32e 5d                 [ 2 ] .suspnd tstb
1294 e32f 26 04              [ 3 ]         bne    notcur              See if the task to suspend is SELF.
1295 e331 de f5              [ 4 ]         ldx    curtcb              It is. Load TCB address.
1296 e333 20 07              [ 3 ]         bra    setspnd
1297 e335 86 05              [ 2 ] notcur  ldaa   #TCBLEN             If not current task, compute TCB address
1298 e337 3d                 [10 ]         mul                          of the specified task.
1299 e338 c3 00 9c           [ 4 ]         addd   #STATLS-TCBLEN
1300 e33b 8f                 [ 3 ]         xgdx
1301 e33c 1c 00 80           [ 7 ] setspnd bset   STATE,x _SUSPND     Set the SUSPEND state in task's status byte.
1302 e33f 7e e1 27           [ 3 ]         jmp    endtsk
1303                               
1304                               *******************************************************************************
1305                               *                                                                             *
1306                               * Terminate a task. This is a seldom used task but is included for complete-  *
1307                               * ness. This function is called when it is desireable to terminate a task. It *
1308                               * may be any task in the system including the caller. If the caller is going  *
1309                               * to commit suicide, the given task number is set to 0. As a result of this   *
1310                               * ESR, all timers which are in process for the terminated task are purged     *
1311                               * the active timer list. The terminated task is set to an IDLE state. Once    *
1312                               * terminated, a task may be restarted only by the .xeqt. command.             *
1313                               *                                                                             *
1314                               * calling sequence:                                                           *
1315                               *                                                                             *
1316                               *                   ACCA = Task number (0 if self)                            *
1317                               *                   swi                                                       *
1318                               *                    FCB  .terminate.                                                 *
1319                               *                   return only if not terminating self. Registers unchanged  *
1320                               *                                                                             *
1321                               *******************************************************************************
1322                               
1323 e342 5d                 [ 2 ] .termn8 tstb                       Test for self.
1324 e343 26 08              [ 3 ]         bne    selfnot             Branch if task to terminate is not self.
1325 e345 d6 f4              [ 3 ]         ldab   curtsk              If self, get current task number.
1326 e347 de f5              [ 4 ]         ldx    curtcb              Then set up current task's TCB address.
1327 e349 d7 fc              [ 3 ]         stab   temp+1              Store in lower half of temp
1328 e34b 20 09              [ 3 ]         bra    setidle             Then go set up the IDLE state.
1329 e34d d7 fc              [ 3 ] selfnot stab   temp+1              Store task # in lower half of temp.
1330 e34f 86 05              [ 2 ]         ldaa   #TCBLEN
1331 e351 3d                 [10 ]         mul                        Compute TCB address of task to be terminated
1332 e352 c3 00 9c           [ 4 ]         addd   #STATLS-TCBLEN
1333 e355 8f                 [ 3 ]         xgdx
1334 e356 1c 00 01           [ 7 ] setidle bset   STATE,x _IDLE       Set task's state to IDLE
1335 e359 4f                 [ 2 ]         clra
1336 e35a 7e e4 36           [ 3 ]         jmp    beginp              Then go purge all the task's timers.
1337                               
1338                               
1339                               *******************************************************************************
1340                               *                                                                             *
1341                               * Execute a task. This function is used to put a task into the state of being *
1342                               * ready to run. Its TCB is initialized so that its stack pointer is set to    *
1343                               * the base address assigned to it. A stack frame is allocated on the task's   *
1344                               * stack for an initial context. That context is set to contain the task's     *
1345                               * starting address as the PC, while CCR, ACCB, and ACCA are cleared.          *
1346                               *                                                                             *
1347                               * calling sequence:                                                           *
1348                               *                                                                             *
1349                               *                   ACCA = task number (cannot be SELF)                       *
1350                               *                   swi                                                       *
1351                               *                    FCB   .execute.                                                   *
1352                               *                   return:  All registers unchanged                          *
1353                               *                                                                             *
1354                               *******************************************************************************
1355                               
1356 e35d 37                 [ 3 ] .xeqt   pshb                       Save the task number
1357 e35e 86 07              [ 2 ]         ldaa   #TCBDATL            Load length of TCB init data block
1358 e360 3d                 [10 ]         mul                        Multiply it by task number.
1359 e361 c3 e0 05           [ 4 ]         addd   #TCBDATA-TCBDATL
1360 e364 8f                 [ 3 ]         xgdx
1361 e365 ec 03              [ 5 ]         ldd    RSTSP,x             Get the base address of task's stack space.
1362 e367 83 00 09           [ 4 ]         subd   #9
1363 e36a 18 8f              [ 4 ]         xgdy
1364 e36c ec 01              [ 5 ]         ldd    STRTADR,x           Set up PC to be the starting address
1365 e36e ee 05              [ 5 ]         ldx    TCBADDR,x
1366 e370 18 ed 08           [ 6 ]         std    PC+1,y
1367 e373 4f                 [ 2 ]         clra
1368 e374 5f                 [ 2 ]         clrb
1369 e375 18 a7 01           [ 5 ]         staa   CCR+1,y             Clear CCR
1370 e378 18 ed 02           [ 6 ]         std    ACCB+1,y            Clear ACCB and ACCA
1371 e37b 18 8f              [ 4 ]         xgdy                       Put address of stack context back into D
1372 e37d ed 01              [ 5 ]         std    ACTSP,x             Store address of the context in the TCB.
1373 e37f 4f                 [ 2 ]         clra
1374 e380 7e e1 17           [ 3 ]         jmp    clrbits             Go make the task runnable.
1375                               
1376                               *******************************************************************************
1377                               *                                                                             *
1378                               * Delay a task for a period of time. This function uses the .timer. ESR       *
1379                               * to set up a timer and a wait state on the specified task.  When the timer   *
1380                               * elapses, the specified task is resumed.                                     *
1381                               *                                                                             *
1382                               * calling sequence:                                                           *
1383                               *                                                                             *
1384                               *                   ACCA = Task number (0 if self)                            *
1385                               *                   ACCB = Semaphore number (0 if task's semaphore)           *
1386                               *                   IX = Number of clock tocks to delay                       *
1387                               *                   swi                                                       *
1388                               *                    FCB   .delay.                                                  *
1389                               *                   return. Registers unchanged                               *
1390                               *                                                                             *
1391                               *******************************************************************************
1392                               
1393 e383 86 ff              [ 2 ] .delay  ldaa   #$FF                Set up switch.
1394                               
1395                               *******************************************************************************
1396                               *                                                                             *
1397                               * Set up a timer for a task. This function is used to set a timer active for  *
1398                               * the specified task. The timer is in clock tock units. A clock tock is a     *
1399                               * system defined parameter. The timers are 16-bit timers; therefore, the      *
1400                               * maximum duration of a timer is determined by the clock tock frequency.      *
1401                               *                                                                             *
1402                               * calling sequence:                                                           *
1403                               *                                                                             *
1404                               *                   ACCA = Task number (0 if self)                            *
1405                               *                   ACCB = Semaphore number (0 if task's semaphore)           *
1406                               *                   IX = Number of clock tocks in timer                       *
1407                               *                   swi                                                       *
1408                               *                    FCB   .timer.                                                  *
1409                               *                   return. Registers unchanged                               *
1410                               *                           ACCA will be current task number if ACCA was = 0  *
1411                               *                             at the time of the ESR.                         *
1412                               *                                                                             *
1413                               *******************************************************************************
1414                               
1415 e385 4c                 [ 2 ] .timer  inca                       Set up switch: 0 = .delay., >0 = .timer.
1416 e386 36                 [ 3 ]         psha                       Save the switch.
1417 e387 5d                 [ 2 ]         tstb                       Test for task being self.
1418 e388 26 09              [ 3 ]         bne    notself             branch if task # is not 0.
1419 e38a de f5              [ 4 ]         ldx    curtcb              Get address of current task's TCB
1420 e38c 96 f4              [ 3 ]         ldaa   curtsk              get the current task number.
1421 e38e 18 a7 02           [ 5 ]         staa   ACCA,y              Save it in the stack context.
1422 e391 20 07              [ 3 ]         bra    gotask
1423 e393 86 05              [ 2 ] notself ldaa   #TCBLEN
1424 e395 3d                 [10 ]         mul                        Compute TCB address of specified task.
1425 e396 c3 00 9c           [ 4 ]         addd   #STATLS-TCBLEN
1426 e399 8f                 [ 3 ]         xgdx
1427 e39a 18 e6 02           [ 5 ] gotask  ldab   ACCA,y              Get the actual task number
1428 e39d 37                 [ 3 ]         pshb                       Save the task number.
1429 e39e 3c                 [ 4 ]         pshx                       Save the TCB address of the specified task.
1430 e39f 18 a6 01           [ 5 ]         ldaa   ACCB,y              Get the semaphore number to use with timer.
1431 e3a2 26 05              [ 3 ]         bne    gotsema             Branch if semaphore number is defined.
1432 e3a4 18 a6 02           [ 5 ]         ldaa   ACCA,y              If semaphore # = 0, Use task semaphore of
1433 e3a7 8b 08              [ 2 ]         adda   #NNAMSEM
1434 e3a9 36                 [ 3 ] gotsema psha                         specified task. Save semaphore number.
1435 e3aa 18 ec 03           [ 6 ]         ldd    IX,y                Get the timer value.
1436 e3ad 2b 02              [ 3 ]         bmi    savrset             If timer < 0, go save the timer reset value.
1437 e3af 4f                 [ 2 ]         clra
1438 e3b0 5f                 [ 2 ]         clrb                       Timer is a one-shot. Reset time = 0.
1439 e3b1 37                 [ 3 ] savrset pshb                       Save the reset time.
1440 e3b2 36                 [ 3 ]         psha
1441 e3b3 18 ec 03           [ 6 ]         ldd    IX,y                Get the timer (as specified) again.
1442 e3b6 2a 05              [ 3 ]         bpl    savtime             See if it is cyclic or one-shot.
1443 e3b8 43                 [ 2 ]         coma                       If cyclic, be sure it is positive.
1444 e3b9 50                 [ 2 ]         negb
1445 e3ba 25 01              [ 3 ]         bcs    savtime
1446 e3bc 4c                 [ 2 ]         inca
1447 e3bd ce 00 f2           [ 3 ] savtime ldx    #ACTIVE             Let IX contain the address of the active
1448 e3c0 0f                 [ 2 ]         sei                          timers.
1449 e3c1 1a ee 00           [ 6 ] tloop   ldy    CLINK,x             Get address of next timer.
1450 e3c4 27 1b              [ 3 ]         beq    append              If end-of-list, go append new timer.
1451 e3c6 cd a3 02           [ 7 ]         cpd    CTOCKS,y            There is a timer that is active. Compare its
1452                               *                                    timer counts with those in the new timer.
1453 e3c9 2d 07              [ 3 ]         blt    nsrtm               If there are fewer tocks in the new timer,
1454                               *                                    go insert the new timer in front of the
1455                               *                                    active one.
1456 e3cb 18 a3 02           [ 7 ]         subd   CTOCKS,y            If not, subtract the tocks of the active
1457                               *                                    timer from the new timer.
1458 e3ce ee 00              [ 5 ]         ldx    CLINK,x             Then move down the thread.
1459 e3d0 20 ef              [ 3 ]         bra    tloop
1460 e3d2 37                 [ 3 ] nsrtm   pshb                       Save the remaining time in the timer.
1461 e3d3 36                 [ 3 ]         psha
1462 e3d4 18 a3 02           [ 7 ]         subd   CTOCKS,y            Update the active timer in the list
1463 e3d7 43                 [ 2 ]         coma                         subtracting the new timer's residual
1464 e3d8 50                 [ 2 ]         negb                         from it.
1465 e3d9 25 01              [ 3 ]         bcs    updt
1466 e3db 4c                 [ 2 ]         inca
1467 e3dc 18 ed 02           [ 6 ] updt    std    CTOCKS,y            Store the updated timer.
1468 e3df 20 02              [ 3 ]         bra    linkit
1469 e3e1 37                 [ 3 ] append  pshb                       Save the timer.
1470 e3e2 36                 [ 3 ]         psha
1471 e3e3 ec 00              [ 5 ] linkit  ldd    CLINK,x             Get the address of the current active timer.
1472 e3e5 37                 [ 3 ]         pshb
1473 e3e6 36                 [ 3 ]         psha                       Save the address
1474 e3e7 dc f0              [ 4 ]         ldd    FREE                Get the address of the next free timer block
1475 e3e9 ed 00              [ 5 ]         std    CLINK,x             Store it in link of the active timer block.
1476 e3eb 18 8f              [ 4 ]         xgdy                       IY now contains address of the new timer blk
1477 e3ed 18 ec 00           [ 6 ]         ldd    CLINK,y             Get address of next free timer block.
1478 e3f0 dd f0              [ 4 ]         std    FREE                Save it in pointer.
1479 e3f2 32                 [ 4 ]         pula
1480 e3f3 33                 [ 4 ]         pulb                       Get address of the current active timer.
1481 e3f4 18 ed 00           [ 6 ]         std    CLINK,y             Store it in link word of the new timer block
1482 e3f7 32                 [ 4 ]         pula
1483 e3f8 33                 [ 4 ]         pulb
1484 e3f9 18 ed 02           [ 6 ]         std    CTOCKS,y            Store timer tocks in new timer block.
1485 e3fc 32                 [ 4 ]         pula
1486 e3fd 33                 [ 4 ]         pulb
1487 e3fe 18 ed 04           [ 6 ]         std    CRESET,y            Store timer reset value.
1488 e401 33                 [ 4 ]         pulb
1489 e402 18 e7 07           [ 5 ]         stab   CSEMA,y             Store semaphore #
1490 e405 38                 [ 5 ]         pulx                       Get TCB address
1491 e406 32                 [ 4 ]         pula
1492 e407 18 a7 06           [ 5 ]         staa   CTASK,y             Store # of the task using the timer.
1493 e40a 32                 [ 4 ]         pula                       Get the switch
1494 e40b 4d                 [ 2 ]         tsta
1495 e40c 27 03              [ 3 ]         beq    dlay                Branch if switch set for .delay.
1496 e40e 7e e1 aa           [ 3 ]         jmp    dopend              ** (V1.1 #3) **
1497 e411 1c 00 40           [ 7 ] dlay    bset   STATE,x _WAIT       If .delay., set wait state in task.
1498 e414 ce 00 be           [ 3 ]         ldx    #FLGTBL-1
1499 e417 3a                 [ 3 ]         abx                        Compute address of semaphore.
1500 e418 18 a6 06           [ 5 ]         ldaa   CTASK,y             Get the # of the task being delayed.
1501 e41b 40                 [ 2 ]         nega
1502 e41c a7 00              [ 4 ]         staa   0,x                 Set the semaphore to WAIT state.
1503 e41e 7e e1 27           [ 3 ]         jmp    endtsk
1504                               
1505                               *******************************************************************************
1506                               *                                                                             *
1507                               * Purge a timer or timers. This function is used to purge one timer for a     *
1508                               * given task and semaphore combination or all of the timers for a given task. *
1509                               * Each timer so purged has its associated semaphore reset to the PENDing      *
1510                               * state.                                                                      *
1511                               *                                                                             *
1512                               * calling sequence:                                                           *
1513                               *                                                                             *
1514                               *                   ACCA = Task number (0 if self)                            *
1515                               *                   ACCB = Semaphore number (0 if task's semaphore)           *
1516                               *                   IX0-7= Switch: 0 = purge all timers for given task        *
1517                               *                                  >0 = purge timer matching task and sema    *
1518                               *                   swi                                                       *
1519                               *                    FCB   .purge.                                                  *
1520                               *                   return. Registers unchanged                               *
1521                               *                                                                             *
1522                               *******************************************************************************
1523                               
1524 e421 5d                 [ 2 ] .purge  tstb
1525 e422 26 02              [ 3 ]         bne    gotsk               If ACCB > 0, task is specific.
1526 e424 d6 f4              [ 3 ]         ldab   curtsk              Otherwise, use current task.
1527 e426 dd fb              [ 4 ] gotsk   std    temp                Save task and semaphore numbers.
1528 e428 4f                 [ 2 ] chksema clra
1529 e429 18 6d 04           [ 7 ]         tst    IXL,y               Test the switch for type of purge.
1530 e42c 27 08              [ 3 ]         beq    beginp              Branch if switch = 0.
1531 e42e 96 fb              [ 3 ]         ldaa   temp                Otherwise get the semaphore number to match.
1532 e430 26 04              [ 3 ]         bne    beginp              Branch if it is defined.
1533 e432 96 fc              [ 3 ]         ldaa   temp+1              Otherwise use the task semaphore.
1534 e434 8b 08              [ 2 ]         adda   #NNAMSEM
1535 e436 d6 fc              [ 3 ] beginp  ldab   temp+1              Load the task number to be matched.
1536 e438 ce 00 f2           [ 3 ]         ldx    #ACTIVE             Set up pointer to 1st active timer.
1537 e43b 0f                 [ 2 ]         sei                        Interrupts off during this next phase.
1538 e43c 1a ee 00           [ 6 ] ploop   ldy    CLINK,x             Set IY = address of next active timer.
1539 e43f 27 45              [ 3 ]         beq    endpurg             If end-of-list, purge is complete.
1540 e441 18 e1 06           [ 5 ]         cmpb   CTASK,y             Compare task # in active timer to object #.
1541 e444 27 04              [ 3 ]         beq    sametsk             Branch if both task numbers are equal.
1542 e446 ee 00              [ 5 ] chknxt  ldx    CLINK,x             If not equal, walk list to next active timer
1543 e448 20 f2              [ 3 ]         bra    ploop               Keep looking.
1544 e44a 4d                 [ 2 ] sametsk tsta                       Tasks are equal. Test if semaphore # = 0.
1545 e44b 27 05              [ 3 ]         beq    remove              Branch if semaphore # = 0.
1546 e44d 18 a1 07           [ 5 ]         cmpa   CSEMA,y             If semaphore > 0, Check it against semaphore
1547 e450 26 f4              [ 3 ]         bne    chknxt                in active timer. Branch if not the same.
1548 e452 37                 [ 3 ] remove  pshb
1549 e453 36                 [ 3 ]         psha                       Save semaphore and task number.
1550 e454 3c                 [ 4 ]         pshx                       Save IX for a moment.
1551 e455 ce 00 be           [ 3 ]         ldx    #FLGTBL-1
1552 e458 18 e6 07           [ 5 ]         ldab   CSEMA,y
1553 e45b 3a                 [ 3 ]         abx                        Compute address of timer's semaphore.
1554 e45c 86 01              [ 2 ]         ldaa   #_PEND
1555 e45e a7 00              [ 4 ]         staa   0,x                 Set timer's semaphore back to PENDing.
1556 e460 38                 [ 5 ]         pulx                       Restore IX
1557 e461 18 ec 00           [ 6 ]         ldd    CLINK,y             Get the pointer to next active timer block.
1558 e464 ed 00              [ 5 ]         std    CLINK,x             Store it in link word of pointer to current
1559                               *                                    active timer.
1560                               *** (V1.4 #3) *** |
1561 e466 27 10              [ 3 ]         beq    prgexit                                                      |
1562 e468 18 ec 02           [ 6 ]         ldd    CTOCKS,y            Update the next timer in link            |
1563                               *** (V1.5 #1) *** +
1564 e46b 18 3c              [ 5 ]         pshy                       Save y                                 +
1565 e46d 18 ee 00           [ 6 ]         ldy    CLINK,y                                                      |
1566 e470 18 e3 02           [ 7 ]         addd   CTOCKS,y                                                     |
1567 e473 18 ed 02           [ 6 ]         std    CTOCKS,y                                                     |
1568 e476 18 38              [ 6 ]         puly                       Restore Y                              +
1569 e478 dc f0              [ 4 ] prgexit ldd    FREE                                                         |
1570 e47a 18 ed 00           [ 6 ]         std    CLINK,y             Make current timer block the first free one.
1571 e47d 18 8f              [ 4 ]         xgdy
1572 e47f dd f0              [ 4 ]         std    FREE
1573 e481 32                 [ 4 ]         pula
1574 e482 33                 [ 4 ]         pulb                       Restore task and semaphore numbers.
1575 e483 4d                 [ 2 ]         tsta                       Test the semaphore number.
1576 e484 27 b6              [ 3 ]         beq    ploop               Branch if semaphore = 0. (purge all timers)
1577 e486 7e e1 27           [ 3 ] endpurg jmp    endtsk              Otherwise that's all.
1578                               *CLKDRIVR.AS
1579                               *******************************************************************************
1580                               *                                                                             *
1581                               *  MCX11 Clock Driver task and Interrupt Service Routine (ISR) for the RTI    *
1582                               *  timer of the HC11 chip.                                                    *
1583                               *                                                                             *
1584                               * This task should be assembled with the source of MCX11 as it is considered  *
1585                               * a system task and does not need to clutter up the application code.         *
1586                               *                                                                             *
1587                               *                         --- N O T I C E ---                                 *
1588                               *                                                                             *
1589                               * This code assumes that the clock driver is task 1. If your assignment is    *
1590                               * different, be sure you make the necessary changes in this module or things  *
1591                               * are not going to work.                                                      *
1592                               *                                                                             *
1593                               *******************************************************************************
1594                               
1595 0001                          CLKTASK equ     1                   Clock driver is normally task # 1.
1596                               
1597 e489 5f                 [ 2 ] clkdrv  clrb                        Use task semaphore for synchronization.
1598 e48a 3f                 [14 ]         swi
1599 e48b 01                                FCB   .wait.               Wait for a timer to expire.
1600 e48c de f2              [ 4 ] tmrdone ldx    ACTIVE               Get the address of the first active timer.
1601 e48e 27 f9              [ 3 ]         beq    clkdrv               Make sure there is one.
1602 e490 ec 02              [ 5 ]         ldd    CTOCKS,x             If timer exists, check TOCK count to see
1603                               *                                     if it has expired. (count <= 0)
1604 e492 2e f5              [ 3 ]         bgt    clkdrv               If TOCK count > 0, timer hasn't expired.
1605 e494 ec 00              [ 5 ]         ldd    CLINK,x              Timer has expired. Unlink it from active
1606 e496 dd f2              [ 4 ]         std    ACTIVE                timer thread. (ACTIVE <== (NEXT))
1607 e498 dc f0              [ 4 ]         ldd    FREE                 Then put it into the unused timer thread.
1608 e49a ed 00              [ 5 ]         std    CLINK,x                (NEXT <== (FREE), FREE <== (CURRENT))
1609 e49c df f0              [ 4 ]         stx    FREE
1610 e49e ec 06              [ 5 ]         ldd    CTASK,x              Get waiting task and semaphore numbers.
1611                               *** (V1.4) ***
1612 e4a0 3f                 [14 ]         swi                                                                    |
1613 e4a1 02                                FCB   .signal.             In either case, signal the waiting task    |
1614                               *                                     that timer has expired.
1615                               
1616 e4a2 ee 04              [ 5 ]         ldx    CRESET,x             Also get the Cyclic Timer Reset counts.
1617 e4a4 2a e6              [ 3 ]         bpl    tmrdone              If reset counter >= 0, timer is a one-shot.|
1618 e4a6 3f                 [14 ]         swi
1619 e4a7 0e                                FCB   .timer.              Otherwise, time is cyclic and needs to be
1620                               *                                     reinserted into the timer thread.
1621 e4a8 20 e2              [ 3 ]         bra    tmrdone              Then go see if another timer expired too.
1622                               
1623                               *******************************************************************************
1624                               *                                                                             *
1625                               *                      RTI Interrupt Service Routine                          *
1626                               *                                                                             *
1627                               *******************************************************************************
1628                               
1629 e4aa 86 40              [ 2 ] rtiisr  ldaa   #RTIF                Reset the interrupt flag
1630 e4ac b7 10 25           [ 4 ]         staa   TFLG2
1631 e4af 7a 00 ef           [ 6 ]         dec    tickcnt              Decrement TICK count to see if TOCK
1632 e4b2 27 01              [ 3 ]         beq    tockdon
1633 e4b4 3b                 [12 ] rtixit  rti                         If not a TOCK, exit quickly.
1634 e4b5 86 03              [ 2 ] tockdon ldaa   #TOCK                For a TOCK, reset the TICK count.
1635 e4b7 97 ef              [ 3 ]         staa   tickcnt
1636 e4b9 de f2              [ 4 ]         ldx    ACTIVE               See if there is an active timer.
1637 e4bb 27 f7              [ 3 ]         beq    rtixit               If not, return immediately.
1638 e4bd ec 02              [ 5 ]         ldd    CTOCKS,x             Decrement the TOCK count
1639 e4bf 83 00 01           [ 4 ]         subd   #1                   If timer didn't expire, quick exit.
1640 e4c2 ed 02              [ 5 ]         std    CTOCKS,x
1641 e4c4 26 ee              [ 3 ]         bne    rtixit
1642 e4c6 7d 00 fa           [ 6 ]         tst    intlvl               Here we have an expired timer. Test the
1643 e4c9 26 0c              [ 3 ]         bne    cnotl1                 interrupt nest level. branch if not lvl 1
1644 e4cb 7d 00 f4           [ 6 ]         tst    curtsk               If level 1, test if Dispatcher was
1645 e4ce 27 07              [ 3 ]         beq    cnotl1                 interrupted. If so, treat as system.
1646 e4d0 de f5              [ 4 ]         ldx    curtcb               If a task was interrupted, get its TCB
1647 e4d2 af 01              [ 5 ]         sts    ACTSP,x                address and save the stack pointer.
1648 e4d4 8e 00 1f           [ 3 ]         lds    #SYSTACK             Set up system stack pointer.
1649 e4d7 7c 00 fa           [ 6 ] cnotl1  inc    intlvl               Bump interrupt nest level.
1650 e4da 0e                 [ 2 ]         cli                         Enable interrupts.
1651 e4db c6 09              [ 2 ]         ldab   #NNAMSEM+CLKTASK     Set up task semaphore # for clock driver.
1652 e4dd 7e e0 f3           [ 3 ]         jmp    isrrtn               Do a context switch to clock driver.
1653                               
1654                               *VECTORS.AS
1655                               *******************************************************************************
1656                               *                                                                             *
1657                               * The following definitions constitute the interrupt vector table. The user   *
1658                               * may modify this as necessary to fit his application. DO NOT CHANGE THE      *
1659                               * BASIC DEFINITIONS AS SHOWN BELOW.                                           *
1660                               *                                                                             *
1661                               *******************************************************************************
1662                               
1663 fff0                                  ORG    $FFF0
1664 fff0 e4 aa                            FDB    rtiisr              RTI Vector
1665                               
1666 fff6                                  ORG    $FFF6
1667 fff6 e1 42                            FDB    mcxsrv              SWI Vector to enter MCX11 ESRs
1668                               
1669 fffe                                  ORG    $FFFE
1670 fffe e0 31                            FDB    mcxinit             Power-On/Reset Vector
.delay     e383 *1393 0839 
.delay.    000d *0117 
.deque     e265 *1111 0833 
.deque.    0007 *0111 
.enque     e2e1 *1212 0834 
.enque.    0008 *0112 
.execute.  000c *0116 
.pend      e1a3 *0910 0829 
.pend.     0003 *0107 
.purge     e421 *1524 0841 
.purge.    000f *0119 
.receive.  0006 *0110 
.recv      e217 *1044 0832 
.resume    e329 *1274 0835 
.resume.   0009 *0113 
.send      e1b7 *0967 0830 
.send.     0004 *0108 
.sendw     e1b6 *0940 0831 
.sendw.    0005 *0109 
.signal    e0f8 *0705 0828 
.signal.   0002 *0106 1613 
.suspend.  000a *0114 
.suspnd    e32e *1293 0836 
.terminate. 000b *0115 
.termn8    e342 *1323 0837 
.timer     e385 *1415 0840 
.timer.    000e *0118 1619 
.wait      e184 *0867 0827 
.wait.     0001 *0105 1599 
.xeqt      e35d *1356 0838 
ACCA       0002 *0616 0394 0753 0985 1065 1135 1138 1174 1421 1427 
                      1432 
ACCB       0001 *0615 0381 0393 0797 0968 0972 0994 1140 1370 1430 
ACTIVE     00f2 *0540 0323 0543 1447 1536 1600 1606 1636 
ACTSP      0001 *0606 0374 0397 0665 0783 1372 1647 
CCR        0000 *0614 0380 0392 1369 
CLINK      0000 *0579 1449 1458 1471 1475 1477 1481 1538 1542 1557 
                      1558 1565 1570 1605 1608 
CLKTASK    0001 *1595 1651 
CRESET     0004 *0581 1487 1616 
CSEMA      0007 *0583 1489 1546 1552 
CTASK      0006 *0582 1492 1500 1540 1610 
CTOCKS     0002 *0580 1451 1456 1462 1467 1484 1562 1566 1567 1602 
                      1638 1640 
CURSIZ     0000 *0589 1116 1125 1214 1227 
DEPTH      0001 *0096 
FLGTBL     00bf *0074 0076 0348 0707 0871 0914 0973 1165 1498 1551 
FREE       00f0 *0539 0312 0540 1474 1478 1569 1572 1607 1609 
INITST     0000 *0084 0369 
IX         0003 *0617 0995 1049 1076 1142 1229 1435 1441 
IXH        0003 *0618 
IXL        0004 *0619 1529 
IY         0005 *0620 
MBODY      0004 *0573 
MCX11      e000 *0039 0137 
MCXTABL    00ee *0040 0070 
MCXVAR     00ef *0037 0040 0538 
MLINK      0000 *0570 1000 1011 1015 1017 
MSEMA      0003 *0572 0996 
MSGTHRD    0003 *0607 0367 0368 0992 1047 1052 1063 
MTASK      0002 *0571 0998 1002 1068 
NNAMSEM    0008 *0029 0074 0346 0870 0913 0971 1179 1433 1534 1651 
NQ         0006 *0071 0072 
NQS        0004 *0073 0074 
NQUEUES    0002 *0028 0071 0073 0344 
NT         0018 *0069 0070 
NTASKS     0005 *0027 0074 0075 0347 0364 0395 1179 
NTIMERS    0003 *0030 0069 0310 
NTS        0019 *0075 0076 
PACTL      1026 *0049 0279 
PAGE       e0d0 *0409 
PC         0007 *0621 0377 0391 0788 0791 1057 1059 1160 1163 1366 
PIX        0001 *0590 1119 1217 1220 1223 1226 
Q1BODY     0099 *0149 0152 0157 
Q1D        0008 *0147 0148 0151 
Q1HDR      00d0 *0150 0152 0158 
Q1SIZ      0008 *0148 0149 
Q1W        0001 *0146 0148 0151 
Q2BODY     0094 *0157 0160 0163 
Q2D        0001 *0155 0156 0159 
Q2HDR      00d3 *0158 0160 
Q2SIZ      0005 *0156 0157 
Q2W        0005 *0154 0156 0159 
QADDR      0004 *0098 1183 
QBODBAS    00a0 *0077 0149 
QHADR      0002 *0097 1185 
QHDRLEN    0003 *0062 0071 0158 
QHDRTBL    00d0 *0072 0074 0150 0332 
QSEMA      0002 *0591 1151 1154 1157 1248 
QUEDATA    e000 *0139 1176 
QUEDATL    0006 *0099 1176 
RSTSP      0003 *0086 0372 1361 
RTIF       0040 *0052 1629 
RTII       0040 *0050 0276 
RTR        0002 *0051 0278 
STAK1      0093 *0202 0205 0208 
STAK2      0081 *0208 0211 0214 
STAK3      006a *0214 0217 0220 
STAK4      0055 *0220 0223 0226 
STAK5      0043 *0226 0229 0238 
STATE      0000 *0597 0370 0398 0658 0760 0886 0984 1055 1301 1334 
                      1497 
STATLS     00a1 *0076 0077 0201 0395 0646 0727 0989 1299 1332 1425 
STK1SIZ    0012 *0203 0208 
STK2SIZ    0017 *0209 0214 
STK3SIZ    0015 *0215 0220 
STK4SIZ    0012 *0221 0226 
STK5SIZ    0012 *0227 0238 
STKBASE    0093 *0163 0202 
STRTADR    0001 *0085 0376 1364 
SYSTACK    001f *0238 0275 0389 0648 0786 1648 
TASK1      00a1 *0201 0205 0207 
TASK2      00a6 *0207 0211 0213 
TASK3      00ab *0213 0217 0219 
TASK4      00b0 *0219 0223 0225 
TASK5      00b5 *0225 0229 
TCBADDR    0005 *0087 0366 1365 
TCBDATA    e00c *0173 0362 1359 
TCBDATL    0007 *0088 0382 1357 1359 
TCBLEN     0005 *0060 0075 0076 0207 0213 0219 0225 0395 0646 0653 
                      0725 0727 0987 0989 1297 1299 1330 1332 1423 1425 
TFLG2      1025 *0048 0049 1630 
TIMERS     00d6 *0070 0072 0311 0313 0335 
TIMRLEN    0008 *0061 0069 0316 
TMSK2      1024 *0047 0048 0277 
TOCK       0003 *0053 0308 1634 
WIDTH      0000 *0095 1181 
_IDLE      0001 *0564 0216 0222 0228 1334 
_PEND      0001 *0627 0349 0916 1554 
_RCVWAT    0020 *0563 1020 1055 
_SUSPND    0080 *0561 1274 1301 
_WAIT      0040 *0562 0722 0886 0984 1497 
append     e3e1 *1469 1450 
backup     e2b3 *1159 
beginp     e436 *1535 1336 1530 1532 
chknxt     e446 *1542 1547 
chksema    e428 *1528 
clkdrv     e489 *1597 0205 1601 1604 
clrbits    e117 *0730 1021 1374 
clrstat    e10d *0723 1275 
cnotl1     e4d7 *1649 1643 1645 
curtcb     00f5 *0544 0545 0664 0782 0885 0981 1044 1295 1326 1419 
                      1646 
curtsk     00f4 *0543 0544 0647 0663 0747 0869 0882 0912 0970 0978 
                      0997 1325 1420 1526 1644 
depth      00fe *0554 0555 1122 1213 
dispch     e0d0 *0645 
dlay       e411 *1497 1495 
dopend     e1aa *0914 0911 1496 
dq2        e28a *1137 1132 
dqend      e2a4 *1150 1136 1141 
dqgt2      e296 *1142 1131 
dqloop     e299 *1144 1149 
endpurg    e486 *1577 1539 
endtsk     e127 *0743 0703 0826 1053 1060 1081 1251 1302 1503 1577 
force      e196 *0882 1169 
full       e325 *1252 1215 
gotask     e39a *1427 1422 
gotsema    e3a9 *1434 1431 
gotsk      e426 *1527 1525 
havsema    e1c4 *0973 0969 
hipri      00f7 *0545 0546 0650 0661 0736 0740 0756 0759 
immrtn     e128 *0744 0717 0734 0739 0888 0919 
insert     e206 *1013 1001 1007 
intlvl     00fa *0548 0399 0552 0744 0781 1642 1649 
intrtn     e0f2 *0666 0745 0757 
isrrtn     e0f3 *0698 1652 
jtable     e164 *0826 0793 
linkit     e3e3 *1471 1468 
mcxgo      e040 *0308 
mcxinit    e031 *0274 1670 
mcxsrv     e142 *0781 1667 
next       e0d4 *0647 0761 
nopost     e322 *1251 1152 
nostart    e0ae *0382 0371 
notcur     e335 *1297 1294 
notdisp    e138 *0758 0748 
notmt      00ff *0555 0365 0384 1156 1180 
notself    e393 *1423 1418 
notw       e1cf *0980 0977 
nowait     e104 *0714 0712 
nowrap     e273 *1123 1121 
nq2        e30e *1239 1235 
nqend      e31d *1247 1238 1240 
nqloop     e312 *1241 1233 1246 
nsrtlp     e1f8 *1000 1012 
nsrtm      e3d2 *1460 1453 
nulltsk    e02f *0244 0390 
pendset    e1ae *0916 0881 
ploop      e43c *1538 1543 1576 
postem     e2a9 *1153 1250 
prgexit    e478 *1569 1561 
pritcb     00f8 *0546 0548 0662 0741 0758 
qempty     e2af *1156 1117 1254 
qlp        e069 *0333 0336 
qsetup     e2c6 *1171 1111 1212 
rcvgo      e254 *1074 1069 
rcvloop    e244 *1066 1072 
remove     e452 *1548 1545 
rtiisr     e4aa *1629 1664 
rtixit     e4b4 *1633 1637 1641 
rtncur     e0f0 *0665 
sametsk    e44a *1544 1541 
savrset    e3b1 *1439 1436 
savtime    e3bd *1447 1442 1445 
selfnot    e34d *1329 1324 
setcur     e0ec *0663 0760 
setidle    e356 *1334 1328 
setspnd    e33c *1301 1296 
signal2    e0f9 *0706 0699 1155 
smlp       e07d *0350 0353 
special    e23c *1062 1046 
switch     e0e7 *0660 
tcblp      e08c *0366 0385 
temp       00fb *0552 0553 1127 1184 1225 1327 1329 1527 1531 1533 
                      1535 
testat     e0e1 *0655 0659 
tickcnt    00ef *0538 0309 0539 1631 1635 
tloop      e3c1 *1449 1459 
tmdone     e05f *0320 0315 
tmlp       e052 *0314 0319 
tmrdone    e48c *1600 1617 1621 
tockdon    e4b5 *1634 1632 
updt       e3dc *1467 1465 
wait2      e18b *0871 0868 
waitnot    e1d9 *0985 0983 
waitrcv    e22d *1055 1048 1067 1070 
waitt      e19b *0885 0875 
width      00fd *0553 0554 1123 1182 1221 
wrapnot    e2f1 *1221 1218 
